Date,High,Low,Open,Close
06/01/2010,0.74,0.74,0.74,0.74
07/01/2010,0.74,0.74,0.74,0.74
08/01/2010,0.74,0.74,0.74,0.74
11/01/2010,0.74,0.74,0.74,0.74
12/01/2010,0.74,0.74,0.74,0.74
13/01/2010,0.74,0.74,0.74,0.74
14/01/2010,0.74,0.74,0.74,0.74
15/01/2010,0.74,0.74,0.74,0.74
18/01/2010,0.74,0.73,0.74,0.73
19/01/2010,0.74,0.73,0.73,0.73
20/01/2010,0.74,0.73,0.73,0.73
21/01/2010,0.74,0.73,0.73,0.73
22/01/2010,0.74,0.73,0.73,0.73
25/01/2010,0.74,0.73,0.73,0.73
26/01/2010,0.74,0.73,0.73,0.73
27/01/2010,0.74,0.73,0.73,0.73
28/01/2010,0.74,0.73,0.73,0.73
29/01/2010,0.74,0.73,0.73,0.73
01/02/2010,0.74,0.73,0.73,0.73
02/02/2010,0.74,0.73,0.73,0.73
03/02/2010,0.74,0.73,0.73,0.73
04/02/2010,0.74,0.73,0.73,0.73
05/02/2010,0.74,0.73,0.73,0.73
08/02/2010,0.74,0.73,0.73,0.73
09/02/2010,0.74,0.73,0.73,0.73
10/02/2010,0.76,0.73,0.73,0.76
11/02/2010,0.76,0.73,0.76,0.76
12/02/2010,0.76,0.73,0.76,0.76
15/02/2010,0.78,0.73,0.76,0.78
17/02/2010,0.79,0.73,0.79,0.79
16/02/2010,0.8,0.73,0.78,0.79
18/02/2010,0.8,0.73,0.79,0.8
19/02/2010,0.8,0.73,0.79,0.79
22/02/2010,0.8,0.73,0.79,0.8
23/02/2010,0.8,0.73,0.79,0.8
24/02/2010,0.8,0.73,0.79,0.8
25/02/2010,0.8,0.73,0.8,0.8
26/02/2010,0.8,0.73,0.8,0.8
01/03/2010,0.8,0.73,0.8,0.8
02/03/2010,0.84,0.73,0.84,0.84
03/03/2010,0.85,0.73,0.84,0.85
04/03/2010,0.85,0.73,0.84,0.85
05/03/2010,0.87,0.73,0.84,0.87
09/03/2010,0.9,0.73,0.87,0.9
10/03/2010,0.95,0.73,0.9,0.95
11/03/2010,0.95,0.73,0.95,0.95
12/03/2010,0.95,0.73,0.95,0.95
15/03/2010,0.97,0.73,0.95,0.97
16/03/2010,0.97,0.73,0.95,0.97
17/03/2010,0.97,0.73,0.97,0.97
18/03/2010,0.97,0.73,0.97,0.97
19/03/2010,0.97,0.73,0.97,0.96
22/03/2010,0.97,0.73,0.96,0.96
23/03/2010,0.97,0.73,0.93,0.92
24/03/2010,0.97,0.73,0.93,0.85
25/03/2010,0.97,0.73,0.93,0.88
26/03/2010,0.97,0.73,0.9,0.91
29/03/2010,0.97,0.73,0.91,0.92
30/03/2010,0.97,0.73,0.91,0.95
31/03/2010,0.97,0.73,0.96,0.95
01/04/2010,0.98,0.73,0.96,0.98
06/04/2010,0.98,0.73,0.96,0.98
07/04/2010,0.98,0.73,0.96,0.98
08/04/2010,0.98,0.73,0.98,0.97
12/04/2010,0.98,0.73,0.95,0.96
13/04/2010,0.98,0.73,0.95,0.96
14/04/2010,0.98,0.73,0.95,0.95
15/04/2010,0.98,0.73,0.95,0.96
16/04/2010,0.98,0.73,0.95,0.95
19/04/2010,0.98,0.73,0.95,0.95
20/04/2010,1,0.73,0.95,1
21/04/2010,1,0.73,0.95,1
22/04/2010,1.01,0.73,0.95,1.01
23/04/2010,1.03,0.73,0.95,1.03
26/04/2010,1.05,0.73,0.95,1.05
27/04/2010,1.07,0.73,1.05,1.07
28/04/2010,1.07,0.73,1.07,1.07
02/01/2009,1.1,1.1,1.1,1.1
05/01/2009,1.1,1.1,1.1,1.1
06/01/2009,1.1,1.1,1.1,1.1
07/01/2009,1.1,1.1,1.1,1.1
08/01/2009,1.1,1.1,1.1,1.1
09/01/2009,1.1,1.1,1.1,1.1
12/01/2009,1.1,1.09,1.1,1.09
13/01/2009,1.1,1.09,1.09,1.09
14/01/2009,1.1,1,1.09,1
15/01/2009,1.1,1,1,1
16/01/2009,1.1,1,1,1
19/01/2009,1.1,1,1,1
20/01/2009,1.1,1,1,1
21/01/2009,1.1,1,1,1
22/01/2009,1.1,1,1,1
23/01/2009,1.1,0.98,1,0.98
26/01/2009,1.1,0.98,0.98,0.98
27/01/2009,1.1,0.98,0.98,0.98
28/01/2009,1.1,0.98,0.98,0.98
29/01/2009,1.1,0.98,0.98,0.98
30/01/2009,1.1,0.98,0.98,0.98
02/02/2009,1.1,0.98,0.98,0.98
03/02/2009,1.1,0.98,0.98,0.98
04/02/2009,1.1,0.75,0.98,0.75
05/02/2009,1.1,0.75,0.75,0.75
06/02/2009,1.1,0.75,0.75,0.75
09/02/2009,1.1,0.75,0.75,0.75
10/02/2009,1.1,0.75,0.75,0.75
11/02/2009,1.1,0.62,0.75,0.62
12/02/2009,1.1,0.62,0.62,0.62
13/02/2009,1.1,0.62,0.62,0.62
16/02/2009,1.1,0.62,0.62,0.62
17/02/2009,1.1,0.62,0.62,0.62
18/02/2009,1.1,0.62,0.62,0.62
19/02/2009,1.1,0.62,0.62,0.62
20/02/2009,1.1,0.62,0.62,0.62
23/02/2009,1.1,0.62,0.62,0.62
24/02/2009,1.1,0.62,0.62,0.62
25/02/2009,1.1,0.62,0.62,0.62
26/02/2009,1.1,0.62,0.62,0.62
27/02/2009,1.1,0.62,0.62,0.62
02/03/2009,1.1,0.6,0.62,0.6
03/03/2009,1.1,0.6,0.6,0.6
04/03/2009,1.1,0.6,0.6,0.6
05/03/2009,1.1,0.58,0.6,0.58
09/03/2009,1.1,0.55,0.58,0.55
10/03/2009,1.1,0.55,0.55,0.55
11/03/2009,1.1,0.54,0.55,0.54
12/03/2009,1.1,0.51,0.54,0.51
13/03/2009,1.1,0.5,0.51,0.5
16/03/2009,1.1,0.48,0.5,0.48
17/03/2009,1.1,0.48,0.48,0.48
18/03/2009,1.1,0.48,0.48,0.48
19/03/2009,1.1,0.45,0.48,0.45
20/03/2009,1.1,0.45,0.45,0.45
23/03/2009,1.1,0.45,0.45,0.45
24/03/2009,1.1,0.45,0.45,0.45
25/03/2009,1.1,0.45,0.45,0.45
26/03/2009,1.1,0.45,0.45,0.45
27/03/2009,1.1,0.45,0.45,0.45
30/03/2009,1.1,0.45,0.45,0.45
31/03/2009,1.1,0.45,0.45,0.45
01/04/2009,1.1,0.45,0.45,0.45
02/04/2009,1.1,0.45,0.45,0.45
03/04/2009,1.1,0.45,0.45,0.45
23/04/2009,1.1,0.54,0.54,0.54
24/04/2009,1.1,0.54,0.54,0.55
27/04/2009,1.1,0.54,0.55,0.61
28/04/2009,1.1,0.54,0.61,0.62
29/04/2009,1.1,0.54,0.62,0.62
30/04/2009,1.1,0.54,0.62,0.6
04/05/2009,1.1,0.54,0.6,0.58
05/05/2009,1.1,0.54,0.6,0.58
06/05/2009,1.1,0.54,0.6,0.58
07/05/2009,1.1,0.54,0.6,0.58
08/05/2009,1.1,0.54,0.58,0.58
11/05/2009,1.1,0.54,0.58,0.57
12/05/2009,1.1,0.54,0.58,0.57
13/05/2009,1.1,0.54,0.58,0.57
14/05/2009,1.1,0.52,0.58,0.52
15/05/2009,1.1,0.52,0.58,0.52
18/05/2009,1.1,0.5,0.58,0.5
19/05/2009,1.1,0.5,0.58,0.5
20/05/2009,1.1,0.5,0.5,0.48
21/05/2009,1.1,0.5,0.5,0.48
22/05/2009,1.1,0.5,0.5,0.48
26/05/2009,1.1,0.5,0.5,0.48
27/05/2009,1.1,0.5,0.5,0.48
28/05/2009,1.1,0.5,0.5,0.48
29/05/2009,1.1,0.5,0.5,0.48
01/06/2009,1.1,0.48,0.48,0.5
02/06/2009,1.1,0.48,0.5,0.49
03/06/2009,1.1,0.48,0.5,0.49
04/06/2009,1.1,0.48,0.49,0.5
05/06/2009,1.1,0.48,0.49,0.5
08/06/2009,1.1,0.48,0.5,0.49
09/06/2009,1.1,0.48,0.49,0.5
10/06/2009,1.1,0.48,0.49,0.5
11/06/2009,1.1,0.48,0.49,0.5
12/06/2009,1.1,0.48,0.49,0.5
15/06/2009,1.1,0.48,0.49,0.5
16/06/2009,1.1,0.48,0.49,0.5
17/06/2009,1.1,0.48,0.49,0.5
18/06/2009,1.1,0.48,0.49,0.5
19/06/2009,1.1,0.48,0.49,0.5
22/06/2009,1.1,0.48,0.49,0.5
23/06/2009,1.1,0.48,0.49,0.5
24/06/2009,1.1,0.48,0.49,0.5
25/06/2009,1.1,0.48,0.49,0.5
26/06/2009,1.1,0.48,0.51,0.52
29/06/2009,1.1,0.48,0.52,0.53
30/06/2009,1.1,0.48,0.53,0.54
02/07/2009,1.1,0.48,0.54,0.55
03/07/2009,1.1,0.48,0.55,0.55
06/07/2009,1.1,0.48,0.55,0.55
07/07/2009,1.1,0.48,0.55,0.57
08/07/2009,1.1,0.48,0.57,0.57
09/07/2009,1.1,0.48,0.57,0.6
10/07/2009,1.1,0.48,0.6,0.62
13/07/2009,1.1,0.48,0.62,0.62
14/07/2009,1.1,0.48,0.62,0.63
15/07/2009,1.1,0.48,0.63,0.66
16/07/2009,1.1,0.48,0.66,0.68
17/07/2009,1.1,0.48,0.68,0.7
20/07/2009,1.1,0.48,0.7,0.68
21/07/2009,1.1,0.48,0.68,0.7
22/07/2009,1.1,0.48,0.7,0.7
23/07/2009,1.1,0.48,0.7,0.71
24/07/2009,1.1,0.48,0.71,0.72
27/07/2009,1.1,0.48,0.72,0.72
28/07/2009,1.1,0.48,0.72,0.72
29/07/2009,1.1,0.48,0.72,0.75
30/07/2009,1.1,0.48,0.75,0.78
31/07/2009,1.1,0.48,0.78,0.75
03/08/2009,1.1,0.48,0.75,0.76
04/08/2009,1.1,0.48,0.76,0.75
05/08/2009,1.1,0.48,0.75,0.76
06/08/2009,1.1,0.48,0.76,0.78
07/08/2009,1.1,0.48,0.78,0.78
10/08/2009,1.1,0.48,0.78,0.78
11/08/2009,1.1,0.48,0.78,0.78
12/08/2009,1.1,0.48,0.78,0.78
13/08/2009,1.1,0.48,0.78,0.78
14/08/2009,1.1,0.48,0.78,0.78
17/08/2009,1.1,0.48,0.78,0.78
18/08/2009,1.1,0.48,0.78,0.76
19/08/2009,1.1,0.48,0.76,0.76
20/08/2009,1.1,0.48,0.76,0.77
21/08/2009,1.1,0.48,0.77,0.78
24/08/2009,1.1,0.48,0.78,0.8
25/08/2009,1.1,0.48,0.8,0.8
26/08/2009,1.1,0.48,0.8,0.8
27/08/2009,1.1,0.48,0.8,0.82
28/08/2009,1.1,0.48,0.82,0.82
31/08/2009,1.1,0.48,0.82,0.8
01/09/2009,1.1,0.48,0.8,0.8
02/09/2009,1.1,0.48,0.8,0.79
03/09/2009,1.1,0.48,0.79,0.79
04/09/2009,1.1,0.48,0.79,0.79
07/09/2009,1.1,0.48,0.79,0.79
08/09/2009,1.1,0.48,0.79,0.79
09/09/2009,1.1,0.48,0.79,0.79
10/09/2009,1.1,0.48,0.79,0.79
11/09/2009,1.1,0.48,0.79,0.79
14/09/2009,1.1,0.48,0.79,0.79
15/09/2009,1.1,0.48,0.79,0.79
16/09/2009,1.1,0.48,0.79,0.79
17/09/2009,1.1,0.48,0.79,0.79
18/09/2009,1.1,0.48,0.79,0.79
22/09/2009,1.1,0.48,0.79,0.79
23/09/2009,1.1,0.48,0.79,0.79
24/09/2009,1.1,0.48,0.79,0.79
25/09/2009,1.1,0.48,0.79,0.8
28/09/2009,1.1,0.48,0.8,0.8
29/09/2009,1.1,0.48,0.8,0.8
30/09/2009,1.1,0.48,0.8,0.8
01/10/2009,1.1,0.48,0.8,0.8
02/10/2009,1.1,0.48,0.8,0.8
05/10/2009,1.1,0.48,0.8,0.8
06/10/2009,1.1,0.48,0.8,0.85
07/10/2009,1.1,0.48,0.85,0.88
08/10/2009,1.1,0.48,0.88,0.9
09/10/2009,1.1,0.48,0.9,0.9
12/10/2009,1.1,0.48,0.9,0.9
13/10/2009,1.1,0.48,0.9,0.9
14/10/2009,1.1,0.48,0.9,0.91
15/10/2009,1.1,0.48,0.91,0.91
16/10/2009,1.1,0.48,0.91,0.92
19/10/2009,1.1,0.48,0.92,0.88
20/10/2009,1.1,0.48,0.88,0.9
21/10/2009,1.1,0.48,0.9,0.9
22/10/2009,1.1,0.48,0.9,0.9
23/10/2009,1.1,0.48,0.9,0.9
26/10/2009,1.1,0.48,0.9,0.9
27/10/2009,1.1,0.48,0.9,0.9
28/10/2009,1.1,0.48,0.9,0.9
29/10/2009,1.1,0.48,0.9,0.9
30/10/2009,1.1,0.48,0.9,0.9
02/11/2009,1.1,0.48,0.9,0.9
03/11/2009,1.1,0.48,0.9,0.9
04/11/2009,1.1,0.48,0.9,0.9
05/11/2009,1.1,0.48,0.9,0.9
06/11/2009,1.1,0.48,0.9,0.9
09/11/2009,1.1,0.48,0.9,0.9
10/11/2009,1.1,0.48,0.9,0.9
11/11/2009,1.1,0.48,0.9,0.89
12/11/2009,1.1,0.48,0.89,0.89
13/11/2009,1.1,0.48,0.89,0.88
16/11/2009,1.1,0.48,0.88,0.88
17/11/2009,1.1,0.48,0.88,0.88
18/11/2009,1.1,0.48,0.88,0.87
19/11/2009,1.1,0.48,0.85,0.85
20/11/2009,1.1,0.48,0.85,0.85
23/11/2009,1.1,0.48,0.84,0.85
24/11/2009,1.1,0.48,0.85,0.85
25/11/2009,1.1,0.48,0.85,0.85
26/11/2009,1.1,0.48,0.85,0.85
30/11/2009,1.1,0.48,0.85,0.82
01/12/2009,1.1,0.48,0.82,0.82
02/12/2009,1.1,0.48,0.82,0.8
03/12/2009,1.1,0.48,0.8,0.8
07/12/2009,1.1,0.48,0.8,0.8
08/12/2009,1.1,0.48,0.8,0.75
09/12/2009,1.1,0.48,0.75,0.75
10/12/2009,1.1,0.48,0.75,0.75
11/12/2009,1.1,0.48,0.75,0.75
14/12/2009,1.1,0.48,0.75,0.74
15/12/2009,1.1,0.48,0.74,0.7
16/12/2009,1.1,0.48,0.7,0.7
17/12/2009,1.1,0.48,0.7,0.7
18/12/2009,1.1,0.48,0.7,0.7
21/12/2009,1.1,0.48,0.7,0.71
22/12/2009,1.1,0.48,0.71,0.71
23/12/2009,1.1,0.48,0.71,0.71
24/12/2009,1.1,0.48,0.71,0.71
29/12/2009,1.1,0.48,0.71,0.71
30/12/2009,1.1,0.48,0.71,0.71
31/12/2009,1.1,0.48,0.71,0.74
04/01/2010,1.1,0.48,0.74,0.74
05/01/2010,1.1,0.48,0.74,0.74
29/04/2010,1.11,0.73,1.07,1.11
30/04/2010,1.13,0.73,1.07,1.13
04/05/2010,1.13,0.73,1.13,1.12
05/05/2010,1.13,0.73,1.12,1.13
06/05/2010,1.13,0.73,1.12,1.13
07/05/2010,1.2,0.73,1.13,1.2
10/05/2010,1.22,0.73,1.2,1.22
11/05/2010,1.3,0.73,1.22,1.3
12/05/2010,1.33,0.73,1.3,1.33
13/05/2010,1.34,0.73,1.33,1.34
14/05/2010,1.34,0.73,1.33,1.34
17/05/2010,1.36,0.73,1.34,1.36
18/05/2010,1.36,0.73,1.34,1.36
19/05/2010,1.4,0.73,1.36,1.4
20/05/2010,1.4,0.73,1.36,1.4
21/05/2010,1.46,0.73,1.4,1.46
24/05/2010,1.46,0.73,1.46,1.47
26/05/2010,1.48,0.73,1.47,1.48
27/05/2010,1.58,0.73,1.48,1.58
28/05/2010,1.71,0.73,1.58,1.71
31/05/2010,1.78,0.73,1.71,1.78
01/06/2010,1.78,0.73,1.78,1.82
02/06/2010,1.82,0.73,1.82,1.8
03/06/2010,1.82,0.73,1.8,1.77
04/06/2010,1.82,0.73,1.8,1.76
07/06/2010,1.82,0.73,1.8,1.74
08/06/2010,1.82,0.73,1.8,1.65
09/06/2010,1.82,0.73,1.65,1.6
10/06/2010,1.82,0.73,1.65,1.55
11/06/2010,1.82,0.73,1.55,1.49
14/06/2010,1.82,0.73,1.4,1.4
15/06/2010,1.82,0.73,1.4,1.3
16/06/2010,1.82,0.73,1.4,1.28
17/06/2010,1.82,0.73,1.28,1.47
18/06/2010,1.82,1.47,1.47,1.65
21/06/2010,1.82,1.47,1.65,1.79
22/06/2010,1.82,1.47,1.75,1.6
23/06/2010,1.82,1.47,1.55,1.55
24/06/2010,1.82,1.47,1.55,1.55
25/06/2010,1.82,1.47,1.56,1.56
28/06/2010,1.82,1.47,1.6,1.62
29/06/2010,1.82,1.47,1.64,1.62
30/06/2010,1.82,1.47,1.62,1.62
02/07/2010,1.82,1.47,1.62,1.6
05/07/2010,1.82,1.47,1.6,1.6
06/07/2010,1.82,1.47,1.6,1.57
07/07/2010,1.82,1.47,1.6,1.56
08/07/2010,1.82,1.47,1.56,1.52
09/07/2010,1.82,1.47,1.56,1.53
12/07/2010,1.82,1.47,1.53,1.5
13/07/2010,1.82,1.47,1.48,1.48
14/07/2010,1.82,1.47,1.48,1.5
15/07/2010,1.82,1.47,1.48,1.5
16/07/2010,1.82,1.47,1.48,1.52
19/07/2010,1.82,1.47,1.48,1.52
20/07/2010,1.82,1.47,1.48,1.51
21/07/2010,1.82,1.47,1.48,1.5
22/07/2010,1.82,1.47,1.5,1.49
23/07/2010,1.82,1.47,1.49,1.48
26/07/2010,1.82,1.47,1.49,1.6
27/07/2010,1.82,1.47,1.6,1.48
28/07/2010,1.82,1.47,1.48,1.55
29/07/2010,1.82,1.47,1.48,1.55
30/07/2010,1.82,1.47,1.48,1.56
02/08/2010,1.82,1.47,1.48,1.56
03/08/2010,1.82,1.47,1.56,1.57
04/08/2010,1.82,1.47,1.56,1.57
05/08/2010,1.82,1.47,1.57,1.7
06/08/2010,1.82,1.47,1.57,1.7
09/08/2010,1.82,1.47,1.57,1.7
10/08/2010,1.82,1.47,1.7,1.71
11/08/2010,1.82,1.47,1.71,1.72
12/08/2010,1.82,1.47,1.72,1.75
05/01/2012,1.87,1.85,1.86,1.87
13/08/2010,1.9,1.47,1.75,1.9
16/08/2010,1.9,1.47,1.75,1.9
17/08/2010,1.9,1.47,1.75,1.85
18/08/2010,1.9,1.47,1.75,1.85
19/08/2010,1.9,1.47,1.75,1.85
20/08/2010,1.9,1.47,1.75,1.85
23/08/2010,1.9,1.47,1.75,1.85
24/08/2010,1.9,1.47,1.75,1.85
25/08/2010,1.9,1.47,1.75,1.85
26/08/2010,1.9,1.47,1.75,1.85
27/08/2010,1.9,1.47,1.75,1.85
30/08/2010,1.9,1.47,1.85,1.83
31/08/2010,1.9,1.47,1.83,1.9
01/09/2010,1.9,1.47,1.83,1.9
02/09/2010,1.9,1.47,1.9,1.85
03/09/2010,1.9,1.47,1.9,1.85
06/09/2010,1.9,1.47,1.9,1.85
07/09/2010,1.9,1.47,1.9,1.85
08/09/2010,1.9,1.47,1.9,1.85
09/09/2010,1.9,1.47,1.9,1.8
13/09/2010,1.9,1.47,1.9,1.8
14/09/2010,1.9,1.47,1.9,1.82
15/09/2010,1.9,1.47,1.82,1.85
16/09/2010,1.9,1.47,1.82,1.85
17/09/2010,1.9,1.47,1.85,1.86
20/09/2010,1.9,1.47,1.86,1.87
22/09/2010,1.9,1.47,1.86,1.87
23/09/2010,1.9,1.47,1.86,1.87
24/09/2010,1.9,1.47,1.86,1.87
27/09/2010,1.9,1.47,1.86,1.87
28/09/2010,1.9,1.47,1.86,1.87
29/09/2010,1.9,1.47,1.87,1.86
06/01/2012,1.93,1.85,1.87,1.93
09/01/2012,1.93,1.85,1.93,1.95
10/01/2012,1.93,1.85,1.95,1.95
11/01/2012,1.93,1.85,1.95,1.95
12/01/2012,1.93,1.85,1.95,1.95
13/01/2012,1.95,1.85,1.95,1.94
16/01/2012,1.95,1.85,1.94,1.9
17/01/2012,1.95,1.85,1.9,1.9
18/01/2012,1.95,1.85,1.9,1.9
19/01/2012,1.95,1.85,1.9,1.9
20/01/2012,1.95,1.85,1.9,1.9
23/01/2012,1.95,1.85,1.9,1.9
24/01/2012,1.95,1.85,1.9,1.9
25/01/2012,1.95,1.85,1.9,1.9
26/01/2012,1.95,1.85,1.9,1.9
27/01/2012,1.95,1.85,1.9,1.88
30/01/2012,1.95,1.85,1.88,1.88
31/01/2012,1.95,1.85,1.88,1.86
01/02/2012,1.95,1.85,1.86,1.85
02/02/2012,1.95,1.85,1.85,1.85
03/02/2012,1.95,1.85,1.85,1.85
06/02/2012,1.95,1.85,1.85,1.85
07/02/2012,1.95,1.85,1.85,1.85
08/02/2012,1.95,1.85,1.85,1.85
09/02/2012,1.95,1.85,1.85,1.85
10/02/2012,1.95,1.85,1.85,1.85
13/02/2012,1.95,1.85,1.85,1.84
14/02/2012,1.95,1.85,1.84,1.84
15/02/2012,1.95,1.85,1.84,1.84
16/02/2012,1.95,1.85,1.84,1.84
17/02/2012,1.95,1.85,1.84,1.84
20/02/2012,1.95,1.85,1.84,1.84
21/02/2012,1.95,1.85,1.84,1.84
22/02/2012,1.95,1.85,1.84,1.84
23/02/2012,1.95,1.85,1.84,1.85
24/02/2012,1.95,1.85,1.85,1.85
27/02/2012,1.95,1.85,1.85,1.85
28/02/2012,1.95,1.85,1.85,1.85
29/02/2012,1.95,1.85,1.85,1.85
01/03/2012,1.95,1.85,1.85,1.85
02/03/2012,1.95,1.85,1.85,1.85
05/03/2012,1.95,1.85,1.85,1.85
07/03/2012,1.95,1.85,1.85,1.85
08/03/2012,1.95,1.85,1.85,1.85
09/03/2012,1.95,1.85,1.85,1.85
12/03/2012,1.95,1.85,1.85,1.85
13/03/2012,1.95,1.85,1.85,1.85
14/03/2012,1.95,1.85,1.85,1.83
15/03/2012,1.95,1.85,1.83,1.83
16/03/2012,1.95,1.85,1.83,1.85
19/03/2012,1.95,1.85,1.85,1.85
20/03/2012,1.95,1.85,1.85,1.85
21/03/2012,1.95,1.85,1.85,1.85
22/03/2012,1.95,1.85,1.85,1.85
23/03/2012,1.95,1.85,1.85,1.85
26/03/2012,1.95,1.85,1.85,1.85
27/03/2012,1.95,1.85,1.85,1.85
28/03/2012,1.95,1.85,1.85,1.85
29/03/2012,1.95,1.85,1.85,1.85
30/03/2012,1.95,1.85,1.85,1.85
02/04/2012,1.95,1.85,1.85,1.85
03/04/2012,1.95,1.85,1.85,1.85
04/04/2012,1.95,1.85,1.85,1.85
05/04/2012,1.95,1.85,1.85,1.85
10/04/2012,1.95,1.85,1.85,1.85
11/04/2012,1.95,1.85,1.85,1.85
12/04/2012,1.95,1.85,1.85,1.85
13/04/2012,1.95,1.85,1.85,1.86
16/04/2012,1.95,1.85,1.86,1.86
17/04/2012,1.95,1.85,1.86,1.85
18/04/2012,1.95,1.85,1.85,1.86
19/04/2012,1.95,1.85,1.86,1.86
20/04/2012,1.95,1.85,1.86,1.86
23/04/2012,1.95,1.85,1.86,1.87
24/04/2012,1.95,1.85,1.87,1.9
25/04/2012,1.95,1.85,1.9,1.9
26/04/2012,1.95,1.85,1.9,1.9
27/04/2012,1.95,1.85,1.9,1.9
30/04/2012,1.95,1.85,1.9,1.9
02/05/2012,1.95,1.85,1.9,1.9
03/05/2012,1.95,1.85,1.9,1.9
04/05/2012,1.95,1.85,1.9,1.9
07/05/2012,1.95,1.85,1.9,1.9
08/05/2012,1.95,1.85,1.9,1.9
09/05/2012,1.95,1.85,1.9,1.91
10/05/2012,1.95,1.85,1.91,1.91
11/05/2012,1.95,1.85,1.91,1.91
14/05/2012,1.95,1.85,1.91,1.92
15/05/2012,1.95,1.85,1.92,1.92
16/05/2012,1.95,1.85,1.92,1.92
17/05/2012,1.95,1.85,1.92,1.92
18/05/2012,1.95,1.85,1.92,1.92
21/05/2012,1.95,1.85,1.92,1.91
22/05/2012,1.95,1.85,1.91,1.92
23/05/2012,1.95,1.85,1.92,1.92
24/05/2012,1.95,1.85,1.92,1.92
28/05/2012,1.95,1.85,1.92,1.91
29/05/2012,1.95,1.85,1.91,1.92
30/05/2012,1.95,1.85,1.92,1.92
31/05/2012,1.95,1.85,1.92,1.92
01/06/2012,1.95,1.85,1.92,1.92
04/06/2012,1.95,1.85,1.92,1.92
05/06/2012,1.97,1.85,1.92,1.92
06/06/2012,1.97,1.85,1.92,1.92
07/06/2012,1.97,1.85,1.92,1.92
08/06/2012,1.97,1.85,1.92,1.92
12/06/2012,1.97,1.85,1.92,1.92
11/06/2012,1.97,1.85,1.92,1.92
13/06/2012,1.97,1.85,1.92,1.94
14/06/2012,1.97,1.85,1.94,1.94
15/06/2012,1.97,1.85,1.94,1.94
18/06/2012,1.97,1.85,1.94,1.95
19/06/2012,1.97,1.85,1.95,1.95
20/06/2012,1.97,1.85,1.95,1.95
21/06/2012,1.97,1.85,1.95,1.96
22/06/2012,1.97,1.85,1.95,1.96
25/06/2012,1.97,1.85,1.96,1.96
26/06/2012,1.97,1.85,1.96,1.96
27/06/2012,1.97,1.85,1.96,1.97
28/06/2012,1.97,1.85,1.97,1.97
29/06/2012,1.97,1.85,1.97,1.97
03/07/2012,1.97,1.85,1.97,1.97
05/07/2012,1.97,1.85,1.96,1.97
30/09/2010,2,1.47,1.86,2
01/10/2010,2,1.47,1.86,2
04/10/2010,2,1.47,2,1.86
05/10/2010,2,1.47,2,1.86
06/10/2010,2,1.47,2,1.88
07/10/2010,2,1.47,2,1.87
08/10/2010,2,1.47,2,1.87
11/10/2010,2,1.47,1.87,1.9
12/10/2010,2,1.47,1.9,1.91
13/10/2010,2,1.47,1.91,1.9
14/10/2010,2,1.47,1.91,1.9
15/10/2010,2,1.47,1.9,1.85
18/10/2010,2,1.47,1.85,1.91
19/10/2010,2,1.47,1.85,1.9
20/10/2010,2,1.47,1.85,1.9
21/10/2010,2,1.47,1.85,1.9
22/10/2010,2,1.47,1.85,1.9
25/10/2010,2,1.47,1.85,1.9
26/10/2010,2,1.47,1.85,1.9
27/10/2010,2,1.47,1.85,1.9
28/10/2010,2,1.47,1.9,1.91
29/10/2010,2,1.47,1.9,1.9
01/11/2010,2,1.47,1.9,1.9
02/11/2010,2,1.47,1.9,1.9
03/11/2010,2,1.47,1.9,2
04/11/2010,2,1.47,1.9,2
05/11/2010,2,1.47,2,2
08/11/2010,2,1.47,2,2
09/11/2010,2,1.47,2,2
10/11/2010,2,1.47,2,2
11/11/2010,2,1.47,2,2
12/11/2010,2,1.47,2,2
15/11/2010,2,1.47,2,2
04/07/2012,2,1.85,1.97,2
06/07/2012,2,1.85,2,2
09/07/2012,2,1.85,2,2
10/07/2012,2,1.85,2,2
11/07/2012,2,1.85,2,2
12/07/2012,2,1.85,2,2
13/07/2012,2,1.85,2,2
16/07/2012,2,1.85,2,2
17/07/2012,2,1.85,2,2
18/07/2012,2.01,1.85,2,2.01
19/07/2012,2.01,1.85,2.01,2.01
23/07/2012,2.01,1.85,2,2
24/07/2012,2.01,1.85,2,2
25/07/2012,2.01,1.85,2,2
26/07/2012,2.01,1.85,2,2
27/07/2012,2.01,1.85,2,2
30/07/2012,2.01,1.85,2,2
31/07/2012,2.01,1.85,2,2
01/08/2012,2.01,1.85,2,2
02/08/2012,2.01,1.85,2,2
03/08/2012,2.01,1.85,2,2
06/08/2012,2.01,1.85,2,2
07/08/2012,2.01,1.85,2,2
08/08/2012,2.01,1.85,2,2
09/08/2012,2.01,1.85,2,2
13/08/2012,2.01,1.85,2,2
14/08/2012,2.01,1.85,2,2
15/08/2012,2.01,1.85,2,2
16/08/2012,2.01,1.85,2,2
17/08/2012,2.01,1.85,2,2
21/08/2012,2.01,1.85,2,2
22/08/2012,2.01,1.85,2,2
23/08/2012,2.01,1.85,2,2
24/08/2012,2.01,1.85,2,2
27/08/2012,2.01,1.85,2,2
28/08/2012,2.01,1.85,2,2
29/08/2012,2.01,1.85,2,2
30/08/2012,2.01,1.85,2,2
31/08/2012,2.01,1.85,2,2
03/09/2012,2.01,1.85,2,2
04/09/2012,2.01,1.85,2,2
05/09/2012,2.01,1.85,2,2
06/09/2012,2.01,1.85,2,2
07/09/2012,2.01,1.85,2,2
11/09/2012,2.01,1.85,2,2
10/09/2012,2.01,1.85,2,2
12/09/2012,2.01,1.85,2,2
13/09/2012,2.01,1.85,2,2
14/09/2012,2.01,1.85,2,2
17/09/2012,2.01,1.85,2,2
18/09/2012,2.01,1.85,2,2
19/09/2012,2.01,1.85,2,2
20/09/2012,2.01,1.85,2,2
24/09/2012,2.01,1.85,2,2
25/09/2012,2.01,1.85,2,1.99
26/09/2012,2.01,1.85,1.99,2
27/09/2012,2.01,1.85,2,2
28/09/2012,2.01,1.85,2,2
01/10/2012,2.01,1.85,2,2
02/10/2012,2.01,1.85,2,2
03/10/2012,2.01,1.85,2,2.01
04/10/2012,2.01,1.85,2.01,2
05/10/2012,2.01,1.85,2,2
08/10/2012,2.01,1.85,2,2
09/10/2012,2.01,1.85,2,2
10/10/2012,2.01,1.85,2,2
11/10/2012,2.01,1.85,2,2
12/10/2012,2.02,1.85,2,2.02
15/10/2012,2.02,1.85,2.02,2
16/10/2012,2.02,1.85,2,2
17/10/2012,2.02,1.85,2,2
18/10/2012,2.02,1.85,2,2
22/10/2012,2.02,1.85,2.04,2.04
19/10/2012,2.04,1.85,2,2.04
23/10/2012,2.04,1.85,2.04,2.02
24/10/2012,2.04,1.85,2.02,2.02
25/10/2012,2.04,1.85,2.02,2.03
29/10/2012,2.04,1.85,2.03,2.03
30/10/2012,2.04,1.85,2.03,2.05
31/10/2012,2.04,1.85,2.05,2.05
01/11/2012,2.04,1.85,2.05,2.07
17/11/2010,2.05,1.47,2,2.05
18/11/2010,2.05,1.47,2,2.05
02/11/2012,2.09,1.85,2.07,2.09
05/11/2012,2.09,1.85,2.09,2.09
06/11/2012,2.09,1.85,2.09,2.11
07/11/2012,2.09,1.85,2.11,2.11
08/11/2012,2.09,1.85,2.11,2.11
09/11/2012,2.09,1.85,2.11,2.11
12/11/2012,2.09,1.85,2.11,2.1
13/11/2012,2.09,1.85,2.1,2.1
14/11/2012,2.09,1.85,2.1,2.11
02/01/2013,2.1,2.1,2.1,2.1
03/01/2013,2.1,2.1,2.1,2.1
04/01/2013,2.1,2.1,2.1,2.1
07/01/2013,2.1,2.1,2.1,2.1
08/01/2013,2.1,2.1,2.1,2.1
15/11/2012,2.11,1.85,2.11,2.11
16/11/2012,2.11,1.85,2.11,2.11
19/11/2012,2.11,1.85,2.11,2.11
20/11/2012,2.11,1.85,2.11,2.11
21/11/2012,2.11,1.85,2.11,2.11
22/11/2012,2.11,1.85,2.11,2.11
23/11/2012,2.11,1.85,2.11,2.11
09/01/2013,2.11,2.1,2.1,2.11
10/01/2013,2.11,2.1,2.11,2.11
11/01/2013,2.11,2.1,2.11,2.11
14/01/2013,2.13,2.1,2.11,2.13
15/01/2013,2.13,2.1,2.13,2.13
16/01/2013,2.14,2.1,2.13,2.14
19/11/2010,2.15,1.47,2.05,2.15
22/11/2010,2.15,1.47,2.15,2.11
27/11/2012,2.15,1.85,2.11,2.15
28/11/2012,2.15,1.85,2.15,2.11
29/11/2012,2.15,1.85,2.11,2.11
30/11/2012,2.15,1.85,2.11,2.14
04/12/2012,2.15,1.85,2.14,2.14
04/12/2012,2.15,1.85,2.14,2.12
05/12/2012,2.15,1.85,2.12,2.11
06/12/2012,2.15,1.85,2.11,2.05
10/12/2012,2.15,1.85,2.05,2.05
11/12/2012,2.15,1.85,2.05,2.05
12/12/2012,2.15,1.85,2.05,2.05
13/12/2012,2.15,1.85,2.05,2.05
14/12/2012,2.15,1.85,2.05,2.05
17/12/2012,2.15,1.85,2.05,2.05
18/12/2012,2.15,1.85,2.05,2.05
19/12/2012,2.15,1.85,2.05,2.1
20/12/2012,2.15,1.85,2.1,2.1
21/12/2012,2.15,1.85,2.1,2.1
24/12/2012,2.15,1.85,2.1,2.1
27/12/2012,2.15,1.85,2.1,2.1
28/12/2012,2.15,1.85,2.1,2.1
31/12/2012,2.15,1.85,2.1,2.1
17/01/2013,2.15,2.1,2.14,2.15
18/01/2013,2.17,2.1,2.15,2.17
21/01/2013,2.19,2.1,2.17,2.19
23/11/2010,2.2,1.47,2.11,2.2
24/11/2010,2.2,1.47,2.11,2.2
22/01/2013,2.22,2.1,2.19,2.22
23/01/2013,2.24,2.1,2.22,2.24
25/11/2010,2.25,1.47,2.2,2.25
26/11/2010,2.25,1.47,2.25,2.25
29/11/2010,2.25,1.47,2.25,2.25
30/11/2010,2.25,1.47,2.25,2.3
01/12/2010,2.25,1.47,2.25,2.3
02/12/2010,2.25,1.47,2.3,2.33
06/12/2010,2.25,1.47,2.3,2.33
24/01/2013,2.3,2.1,2.24,2.3
25/01/2013,2.33,2.1,2.3,2.33
28/01/2013,2.36,2.1,2.33,2.36
29/01/2013,2.36,2.1,2.36,2.52
30/01/2013,2.36,2.1,2.52,2.53
31/01/2013,2.58,2.1,2.53,2.58
07/12/2010,2.6,1.47,2.33,2.6
08/12/2010,2.7,1.47,2.6,2.7
04/01/2011,2.7,2.65,2.7,2.7
05/01/2011,2.7,2.65,2.7,2.62
06/01/2011,2.7,2.65,2.7,2.61
07/01/2011,2.7,2.65,2.6,2.61
10/01/2011,2.7,2.65,2.61,2.61
11/01/2011,2.7,2.65,2.61,2.61
12/01/2011,2.7,2.65,2.61,2.7
13/01/2011,2.7,2.65,2.61,2.7
14/01/2011,2.7,2.65,2.61,2.7
17/01/2011,2.7,2.65,2.61,2.7
18/01/2011,2.7,2.65,2.61,2.7
19/01/2011,2.7,2.65,2.7,2.7
01/02/2013,2.7,2.1,2.58,2.63
04/02/2013,2.7,2.1,2.63,2.64
05/02/2013,2.7,2.1,2.64,2.69
21/01/2011,2.71,2.65,2.71,2.71
20/01/2011,2.71,2.65,2.7,2.71
24/01/2011,2.71,2.65,2.71,2.7
25/01/2011,2.71,2.65,2.7,2.7
26/01/2011,2.71,2.65,2.7,2.7
27/01/2011,2.71,2.65,2.7,2.7
28/01/2011,2.71,2.65,2.7,2.7
31/01/2011,2.71,2.65,2.7,2.69
01/02/2011,2.71,2.65,2.69,2.68
02/02/2011,2.71,2.65,2.68,2.68
03/02/2011,2.71,2.65,2.68,2.68
04/02/2011,2.71,2.65,2.68,2.68
07/02/2011,2.71,2.65,2.68,2.68
08/02/2011,2.71,2.65,2.68,2.68
09/02/2011,2.71,2.65,2.68,2.67
10/02/2011,2.71,2.65,2.67,2.67
11/02/2011,2.71,2.6,2.67,2.6
14/02/2011,2.71,2.6,2.6,2.57
15/02/2011,2.71,2.6,2.57,2.55
16/02/2011,2.71,2.5,2.55,2.5
17/02/2011,2.71,2.5,2.5,2.49
18/02/2011,2.71,2.5,2.49,2.49
21/02/2011,2.71,2.5,2.49,2.49
22/02/2011,2.71,2.5,2.49,2.49
23/02/2011,2.71,2.46,2.49,2.46
24/02/2011,2.71,2.46,2.46,2.46
25/02/2011,2.71,2.46,2.46,2.45
28/02/2011,2.71,2.4,2.45,2.4
01/03/2011,2.71,2.4,2.4,2.4
02/03/2011,2.71,2.4,2.4,2.39
03/03/2011,2.71,2.4,2.39,2.3
04/03/2011,2.71,2.28,2.3,2.28
08/03/2011,2.71,2.28,2.28,2.37
09/03/2011,2.71,2.28,2.37,2.39
10/03/2011,2.71,2.28,2.39,2.4
11/03/2011,2.71,2.28,2.4,2.42
14/03/2011,2.71,2.28,2.45,2.45
15/03/2011,2.71,2.28,2.45,2.45
16/03/2011,2.71,2.28,2.45,2.5
17/03/2011,2.71,2.28,2.5,2.5
18/03/2011,2.71,2.28,2.5,2.5
21/03/2011,2.71,2.28,2.48,2.48
22/03/2011,2.71,2.28,2.48,2.48
23/03/2011,2.71,2.28,2.48,2.48
24/03/2011,2.71,2.28,2.48,2.45
25/03/2011,2.71,2.28,2.45,2.45
28/03/2011,2.71,2.28,2.45,2.45
29/03/2011,2.71,2.28,2.45,2.45
30/03/2011,2.71,2.28,2.45,2.45
31/03/2011,2.71,2.28,2.45,2.5
01/04/2011,2.71,2.28,2.5,2.5
04/04/2011,2.71,2.28,2.5,2.5
05/04/2011,2.71,2.28,2.5,2.51
06/04/2011,2.71,2.28,2.51,2.52
07/04/2011,2.71,2.28,2.52,2.54
08/04/2011,2.71,2.28,2.54,2.54
11/04/2011,2.71,2.28,2.54,2.48
12/04/2011,2.71,2.28,2.48,2.48
13/04/2011,2.71,2.28,2.48,2.46
14/04/2011,2.71,2.28,2.46,2.52
15/04/2011,2.71,2.28,2.52,2.5
18/04/2011,2.71,2.28,2.5,2.6
19/04/2011,2.71,2.28,2.6,2.64
20/04/2011,2.71,2.28,2.64,2.61
21/04/2011,2.71,2.28,2.61,2.62
26/04/2011,2.71,2.28,2.62,2.62
27/04/2011,2.71,2.28,2.62,2.65
28/04/2011,2.71,2.28,2.65,2.66
29/04/2011,2.71,2.28,2.66,2.67
03/05/2011,2.71,2.28,2.67,2.67
04/05/2011,2.71,2.28,2.67,2.68
05/05/2011,2.71,2.28,2.68,2.68
06/05/2011,2.71,2.28,2.68,2.68
09/05/2011,2.71,2.28,2.68,2.7
10/05/2011,2.71,2.28,2.7,2.71
06/02/2013,2.71,2.1,2.69,2.71
11/05/2011,2.72,2.28,2.71,2.72
09/12/2010,2.73,1.47,2.7,2.73
10/12/2010,2.73,1.47,2.7,2.69
07/02/2013,2.73,2.1,2.71,2.73
08/02/2013,2.73,2.1,2.73,2.73
11/02/2013,2.73,2.1,2.73,2.76
12/05/2011,2.74,2.28,2.72,2.74
13/05/2011,2.78,2.28,2.74,2.78
12/02/2013,2.79,2.1,2.76,2.79
13/02/2013,2.79,2.1,2.79,2.79
14/02/2013,2.85,2.1,2.79,2.84
15/02/2013,2.91,2.1,2.84,2.91
16/05/2011,2.95,2.28,2.78,2.95
17/05/2011,2.95,2.28,2.95,2.96
18/05/2011,2.95,2.28,2.96,3.03
18/02/2013,3,2.1,2.91,3
19/02/2013,3.02,2.1,3,3.02
20/02/2013,3.02,2.1,3.02,3
21/02/2013,3.02,2.1,3,3.01
19/05/2011,3.03,2.28,3.03,3
20/05/2011,3.03,2.28,3,3
23/05/2011,3.03,2.28,3,3
24/05/2011,3.03,2.28,3,3
26/05/2011,3.03,2.28,3,3
27/05/2011,3.03,2.28,3,3
30/05/2011,3.03,2.28,3,3
31/05/2011,3.03,2.28,3,3
01/06/2011,3.03,2.28,3,3
02/06/2011,3.03,2.28,3,3
03/06/2011,3.03,2.28,3,3
06/06/2011,3.03,2.28,3,3
07/06/2011,3.03,2.28,3,3
08/06/2011,3.03,2.28,3,3
09/06/2011,3.03,2.28,3,3
10/06/2011,3.03,2.28,3,3
13/06/2011,3.03,2.28,3,3
14/06/2011,3.03,2.28,3,3
15/06/2011,3.03,2.28,3,3
16/06/2011,3.03,2.28,3,3
17/06/2011,3.03,2.28,3,3
20/06/2011,3.03,2.28,3,3
21/06/2011,3.03,2.28,3,3
22/06/2011,3.03,2.28,3,3
23/06/2011,3.03,2.28,3,3.01
24/06/2011,3.03,2.28,3.01,3.02
27/06/2011,3.03,2.28,3.02,3
28/06/2011,3.03,2.28,3,3.01
29/06/2011,3.03,2.28,3.01,3.01
30/06/2011,3.03,2.28,3.01,3
04/07/2011,3.03,2.28,3,3.01
05/07/2011,3.03,2.28,3.01,3
06/07/2011,3.03,2.28,3,3
07/07/2011,3.03,2.28,3,3
08/07/2011,3.03,2.28,3,3
11/07/2011,3.03,2.28,3,3
12/07/2011,3.03,2.28,3,3
13/07/2011,3.03,2.28,3,3
14/07/2011,3.03,2.28,3,3
15/07/2011,3.03,2.28,3,3
18/07/2011,3.03,2.28,3,2.98
19/07/2011,3.03,2.28,2.98,2.97
20/07/2011,3.03,2.28,2.97,2.97
21/07/2011,3.03,2.28,2.97,2.97
22/07/2011,3.03,2.28,2.97,2.97
25/07/2011,3.03,2.28,2.97,2.96
26/07/2011,3.03,2.28,2.96,2.96
27/07/2011,3.03,2.28,2.96,2.96
28/07/2011,3.03,2.28,2.96,2.96
29/07/2011,3.03,2.28,2.96,2.97
01/08/2011,3.03,2.28,2.97,2.97
02/08/2011,3.03,2.28,2.97,2.95
03/08/2011,3.03,2.28,2.95,2.96
04/08/2011,3.03,2.28,2.96,2.97
05/08/2011,3.03,2.28,2.97,2.97
08/08/2011,3.03,2.28,2.97,2.97
09/08/2011,3.03,2.28,2.97,2.97
10/08/2011,3.03,2.28,2.97,2.97
11/08/2011,3.03,2.28,2.97,2.97
12/08/2011,3.03,2.28,2.97,2.97
15/08/2011,3.03,2.28,2.97,2.97
16/08/2011,3.03,2.28,2.97,2.98
17/08/2011,3.03,2.28,2.98,2.98
18/08/2011,3.03,2.28,2.98,2.98
19/08/2011,3.03,2.28,2.98,2.98
19/08/2011,3.03,2.28,2.98,2.98
24/08/2011,3.03,2.28,2.98,2.91
25/08/2011,3.03,2.28,2.91,2.91
26/08/2011,3.03,2.28,2.91,2.91
29/08/2011,3.03,2.28,2.91,2.86
23/08/2011,3.03,2.28,2.98,2.98
22/08/2011,3.03,2.28,2.98,2.98
30/08/2011,3.03,2.28,2.86,2.88
01/09/2011,3.03,2.28,2.88,2.88
02/09/2011,3.03,2.28,2.88,2.74
05/09/2011,3.03,2.28,2.74,2.74
06/09/2011,3.03,2.28,2.74,2.74
07/09/2011,3.03,2.28,2.74,2.74
08/09/2011,3.03,2.28,2.74,2.71
09/09/2011,3.03,2.28,2.71,2.7
12/09/2011,3.03,2.28,2.7,2.7
13/09/2011,3.03,2.28,2.7,2.7
14/09/2011,3.03,2.28,2.7,2.7
15/09/2011,3.03,2.28,2.7,2.7
16/09/2011,3.03,2.28,2.7,2.68
19/09/2011,3.03,2.28,2.68,2.6
20/09/2011,3.03,2.28,2.6,2.6
22/09/2011,3.03,2.28,2.6,2.6
23/09/2011,3.03,2.28,2.6,2.55
26/09/2011,3.03,2.28,2.55,2.54
27/09/2011,3.03,2.28,2.54,2.54
28/09/2011,3.03,2.28,2.54,2.51
29/09/2011,3.03,2.28,2.51,2.51
30/09/2011,3.03,2.28,2.51,2.51
03/10/2011,3.03,2.28,2.51,2.48
04/10/2011,3.03,2.28,2.48,2.43
05/10/2011,3.03,2.28,2.43,2.43
06/10/2011,3.03,2.28,2.43,2.33
07/10/2011,3.03,2.28,2.33,2.2
10/10/2011,3.03,2.18,2.2,2.18
11/10/2011,3.03,2.18,2.18,2
12/10/2011,3.03,2.18,2,2
13/10/2011,3.03,2.18,2,1.91
14/10/2011,3.03,2.18,1.91,1.9
17/10/2011,3.03,2.18,1.9,1.91
18/10/2011,3.03,2.18,1.91,1.99
19/10/2011,3.03,2.18,1.99,2
20/10/2011,3.03,2.18,2,2
21/10/2011,3.03,2.18,2,2.03
24/10/2011,3.03,2.18,2.03,2.03
25/10/2011,3.03,2.18,2.03,2.03
26/10/2011,3.03,2.18,2.03,2.03
27/10/2011,3.03,2.18,2.03,2.03
28/10/2011,3.03,2.18,2.03,2.02
31/10/2011,3.03,2.18,2.02,2.02
01/11/2011,3.03,2.18,2.02,2
02/11/2011,3.03,2.18,2,2
03/11/2011,3.03,2.18,2,2
04/11/2011,3.03,2.18,2,2
08/11/2011,3.03,2.18,2,2
09/11/2011,3.03,2.18,2,2
10/11/2011,3.03,2.18,2,2
11/11/2011,3.03,2.18,2,2
14/11/2011,3.03,2.18,2,2
15/11/2011,3.03,2.18,2,2
16/11/2011,3.03,2.18,2,2
17/11/2011,3.03,2.18,2,2
18/11/2011,3.03,2.18,2,1.98
21/11/2011,3.03,2.18,1.98,1.95
22/11/2011,3.03,2.18,1.95,1.95
23/11/2011,3.03,2.18,1.95,1.92
24/11/2011,3.03,2.18,1.92,1.91
25/11/2011,3.03,2.18,1.91,1.91
28/11/2011,3.03,2.18,1.91,1.9
29/11/2011,3.03,2.18,1.9,1.9
30/11/2011,3.03,2.18,1.9,1.9
01/12/2011,3.03,2.18,1.9,1.9
05/12/2011,3.03,2.18,1.9,1.9
06/12/2011,3.03,2.18,1.9,1.9
07/12/2011,3.03,2.18,1.9,1.85
08/12/2011,3.03,2.18,1.85,1.85
09/12/2011,3.03,2.18,1.85,1.85
12/12/2011,3.03,2.18,1.85,1.85
13/12/2011,3.03,2.18,1.85,1.85
14/12/2011,3.03,2.18,1.85,1.85
15/12/2011,3.03,1.84,1.85,1.84
16/12/2011,3.03,1.84,1.84,1.85
19/12/2011,3.03,1.84,1.85,1.85
20/12/2011,3.03,1.84,1.85,1.85
21/12/2011,3.03,1.84,1.85,1.85
22/12/2011,3.03,1.84,1.85,1.85
23/12/2011,3.03,1.84,1.85,1.84
28/12/2011,3.03,1.84,1.84,1.84
29/12/2011,3.03,1.84,1.84,1.85
30/12/2011,3.03,1.84,1.85,1.85
03/01/2012,3.03,1.84,1.85,1.85
04/01/2012,3.03,1.84,1.85,1.86
22/02/2013,3.1,2.1,3.01,3.1
25/02/2013,3.1,2.1,3.1,3.1
26/02/2013,3.1,2.1,3.1,3.1
27/02/2013,3.1,2.1,3.1,3.1
28/02/2013,3.1,2.1,3.1,3.1
01/03/2013,3.1,2.1,3.1,3.07
04/03/2013,3.1,2.1,3.07,3.07
05/03/2013,3.1,2.1,3.07,3
07/03/2013,3.1,2.1,3,3.01
08/03/2013,3.1,2.1,3.01,3.01
11/03/2013,3.1,2.1,3.01,3.01
12/03/2013,3.1,2.1,3.01,3.01
13/03/2013,3.1,2.1,3.01,3.01
14/03/2013,3.1,2.1,3.01,3.04
15/03/2013,3.1,2.1,3.04,3.03
18/03/2013,3.1,2.1,3.03,3.05
19/03/2013,3.1,2.1,3.05,3.04
20/03/2013,3.1,2.1,3.04,3.05
21/03/2013,3.1,2.1,3.05,3.06
22/03/2013,3.1,2.1,3.06,3.06
25/03/2013,3.1,2.1,3.06,3.06
26/03/2013,3.1,2.1,3.06,3.1
27/03/2013,3.1,2.1,3.1,3.1
28/03/2013,3.22,2.1,3.1,3.22
02/04/2013,3.39,2.1,3.22,3.39
03/04/2013,3.54,2.1,3.39,3.54
03/01/2017,3.6,3.6,3.56,3.6
04/01/2017,3.61,3.6,3.6,3.61
05/01/2017,3.62,3.6,3.61,3.62
06/01/2017,3.63,3.6,3.62,3.63
09/01/2017,3.65,3.6,3.63,3.65
10/01/2017,3.66,3.6,3.65,3.66
11/01/2017,3.66,3.6,3.66,3.66
12/01/2017,3.66,3.6,3.66,3.66
13/01/2017,3.67,3.6,3.66,3.67
16/01/2017,3.67,3.6,3.67,3.67
17/01/2017,3.69,3.6,3.67,3.69
18/01/2017,3.69,3.6,3.69,3.69
19/01/2017,3.69,3.6,3.69,3.69
04/01/2016,3.79,3.79,3.8,3.79
05/01/2016,3.79,3.79,3.79,3.79
06/01/2016,3.79,3.77,3.79,3.77
07/01/2016,3.79,3.77,3.77,3.77
08/01/2016,3.79,3.77,3.77,3.78
11/01/2016,3.79,3.77,3.77,3.78
12/01/2016,3.79,3.75,3.78,3.75
13/01/2016,3.79,3.75,3.75,3.75
14/01/2016,3.79,3.75,3.75,3.75
15/01/2016,3.79,3.75,3.75,3.75
18/01/2016,3.79,3.75,3.75,3.75
19/01/2016,3.79,3.75,3.75,3.75
20/01/2016,3.79,3.75,3.75,3.77
21/01/2016,3.79,3.75,3.77,3.75
22/01/2016,3.79,3.75,3.75,3.75
25/01/2016,3.79,3.75,3.75,3.75
26/01/2016,3.79,3.75,3.75,3.75
27/01/2016,3.79,3.75,3.75,3.75
28/01/2016,3.79,3.75,3.75,3.75
29/01/2016,3.79,3.75,3.75,3.75
01/02/2016,3.79,3.75,3.75,3.75
02/02/2016,3.79,3.75,3.75,3.75
03/02/2016,3.79,3.75,3.75,3.75
04/02/2016,3.79,3.7,3.75,3.7
05/02/2016,3.79,3.7,3.7,3.7
08/02/2016,3.79,3.7,3.7,3.7
09/02/2016,3.79,3.7,3.7,3.7
10/02/2016,3.79,3.7,3.7,3.71
11/02/2016,3.79,3.7,3.71,3.71
12/02/2016,3.79,3.7,3.71,3.71
15/02/2016,3.79,3.7,3.71,3.71
16/02/2016,3.79,3.7,3.71,3.71
17/02/2016,3.79,3.7,3.71,3.71
18/02/2016,3.79,3.7,3.71,3.71
19/02/2016,3.79,3.7,3.71,3.7
22/02/2016,3.79,3.7,3.7,3.71
23/02/2016,3.79,3.7,3.71,3.71
24/02/2016,3.79,3.7,3.71,3.72
25/02/2016,3.79,3.7,3.72,3.71
26/02/2016,3.79,3.7,3.71,3.71
29/02/2016,3.79,3.7,3.71,3.71
01/03/2016,3.79,3.7,3.71,3.7
02/03/2016,3.79,3.7,3.7,3.7
03/03/2016,3.79,3.7,3.7,3.7
04/03/2016,3.79,3.7,3.7,3.7
08/03/2016,3.79,3.7,3.7,3.7
09/03/2016,3.79,3.7,3.7,3.7
10/03/2016,3.79,3.7,3.7,3.7
11/03/2016,3.79,3.69,3.7,3.69
14/03/2016,3.79,3.69,3.69,3.69
15/03/2016,3.79,3.69,3.69,3.69
16/03/2016,3.79,3.69,3.69,3.69
17/03/2016,3.79,3.69,3.69,3.69
18/03/2016,3.79,3.69,3.69,3.69
21/03/2016,3.79,3.69,3.69,3.69
22/03/2016,3.79,3.69,3.69,3.69
23/03/2016,3.79,3.69,3.69,3.69
24/03/2016,3.79,3.68,3.69,3.68
29/03/2016,3.79,3.68,3.68,3.68
30/03/2016,3.79,3.65,3.68,3.65
31/03/2016,3.79,3.65,3.65,3.65
01/04/2016,3.79,3.65,3.65,3.65
04/04/2016,3.79,3.65,3.65,3.65
05/04/2016,3.79,3.65,3.65,3.65
06/04/2016,3.79,3.65,3.65,3.65
07/04/2016,3.79,3.65,3.65,3.65
08/04/2016,3.79,3.64,3.65,3.64
11/04/2016,3.79,3.64,3.64,3.64
12/04/2016,3.79,3.64,3.64,3.64
13/04/2016,3.79,3.6,3.64,3.6
14/04/2016,3.79,3.6,3.6,3.6
15/04/2016,3.79,3.5,3.6,3.5
18/04/2016,3.79,3.5,3.5,3.5
19/04/2016,3.79,3.48,3.5,3.48
20/04/2016,3.79,3.41,3.48,3.41
21/04/2016,3.79,3.34,3.41,3.34
22/04/2016,3.79,3.08,3.34,3.08
25/04/2016,3.79,2.95,3.08,2.95
26/04/2016,3.79,2.95,2.95,3.02
27/04/2016,3.79,2.95,3.02,3.01
28/04/2016,3.79,2.95,3.01,3.01
29/04/2016,3.79,2.95,3.01,3.03
03/05/2016,3.79,2.95,3.01,3.02
04/05/2016,3.79,2.95,3.02,3
05/05/2016,3.79,2.95,3.02,3
06/05/2016,3.79,2.95,3,3
09/05/2016,3.79,2.95,3,3.03
10/05/2016,3.79,2.95,3.03,3.04
11/05/2016,3.79,2.95,3.04,3.04
12/05/2016,3.79,2.95,3.04,3.04
13/05/2016,3.79,2.95,3.04,3.04
16/05/2016,3.79,2.95,3.04,3.04
17/05/2016,3.79,2.95,3.04,3.04
18/05/2016,3.79,2.95,3.04,3.04
19/05/2016,3.79,2.95,3.04,3.04
20/05/2016,3.79,2.95,3.04,3.04
23/05/2016,3.79,2.95,3.04,3.04
24/05/2016,3.79,2.95,3.04,3.04
26/05/2016,3.79,2.95,3.04,3.04
27/05/2016,3.79,2.95,3.04,3.02
30/05/2016,3.79,2.95,3.04,3.02
31/05/2016,3.79,2.95,3.04,3.02
01/06/2016,3.79,2.95,3.04,3.02
02/06/2016,3.79,2.95,3.04,3.02
03/06/2016,3.79,2.95,3.04,3.03
06/06/2016,3.79,2.95,3.03,3.03
07/06/2016,3.79,2.95,3.04,3.04
08/06/2016,3.79,2.95,3.04,3.04
09/06/2016,3.79,2.95,3.04,3.04
10/06/2016,3.79,2.95,3.04,3.04
13/06/2016,3.79,2.95,3.04,3.04
14/06/2016,3.79,2.95,3.04,3.05
15/06/2016,3.79,2.95,3.05,3.06
16/06/2016,3.79,2.95,3.06,3.06
17/06/2016,3.79,2.95,3.06,3.06
20/06/2016,3.79,2.95,3.06,3.05
21/06/2016,3.79,2.95,3.05,3.05
22/06/2016,3.79,2.95,3.05,3.05
23/06/2016,3.79,2.95,3.05,3.05
24/06/2016,3.79,2.95,3.05,3.06
27/06/2016,3.79,2.95,3.06,3.06
28/06/2016,3.79,2.95,3.06,3.06
29/06/2016,3.79,2.95,3.06,3.06
30/06/2016,3.79,2.95,3.06,3.07
04/07/2016,3.79,2.95,3.07,3.07
05/07/2016,3.79,2.95,3.07,3.08
07/07/2016,3.79,2.95,3.08,3.09
08/07/2016,3.79,2.95,3.09,3.09
11/07/2016,3.79,2.95,3.09,3.09
12/07/2016,3.79,2.95,3.09,3.09
13/07/2016,3.79,2.95,3.09,3.1
14/07/2016,3.79,2.95,3.1,3.1
15/07/2016,3.79,2.95,3.1,3.1
18/07/2016,3.79,2.95,3.1,3.1
19/07/2016,3.79,2.95,3.1,3.12
20/07/2016,3.79,2.95,3.12,3.13
21/07/2016,3.79,2.95,3.13,3.15
22/07/2016,3.79,2.95,3.15,3.16
25/07/2016,3.79,2.95,3.16,3.16
26/07/2016,3.79,2.95,3.16,3.17
27/07/2016,3.79,2.95,3.17,3.17
28/07/2016,3.79,2.95,3.17,3.2
29/07/2016,3.79,2.95,3.2,3.21
01/08/2016,3.79,2.95,3.21,3.22
02/08/2016,3.79,2.95,3.23,3.28
03/08/2016,3.79,2.95,3.3,3.34
04/08/2016,3.79,2.95,3.34,3.36
05/08/2016,3.79,2.95,3.36,3.36
08/08/2016,3.79,2.95,3.36,3.37
09/08/2016,3.79,2.95,3.37,3.38
10/08/2016,3.79,2.95,3.38,3.38
11/08/2016,3.79,2.95,3.38,3.45
12/08/2016,3.79,2.95,3.45,3.47
15/08/2016,3.79,2.95,3.47,3.51
16/08/2016,3.8,2.95,3.51,3.7
20/01/2017,3.9,3.6,3.69,3.8
23/01/2017,3.9,3.6,3.8,3.8
24/01/2017,3.9,3.6,3.8,3.85
25/01/2017,3.9,3.6,3.85,3.88
26/01/2017,3.9,3.6,3.88,3.9
27/01/2017,3.92,3.6,3.9,3.92
04/04/2013,3.96,2.1,3.54,3.96
30/01/2017,3.98,3.6,3.92,3.97
31/01/2017,3.98,3.6,3.97,3.98
17/08/2016,4,2.95,3.7,4
18/08/2016,4,2.95,4,4
19/08/2016,4,2.95,4,4.07
05/04/2013,4.01,2.1,3.96,4.01
08/04/2013,4.02,2.1,4.01,4.02
09/04/2013,4.02,2.1,4.02,4.02
22/08/2016,4.1,2.95,4.07,4.1
23/08/2016,4.1,2.95,4.1,4.1
24/08/2016,4.1,2.95,4.1,4.1
25/08/2016,4.1,2.95,4.1,4.1
26/08/2016,4.1,2.95,4.1,4.01
29/08/2016,4.1,2.95,4.01,4
30/08/2016,4.1,2.95,4,4
31/08/2016,4.1,2.95,4,4
01/09/2016,4.1,2.95,4,4
02/09/2016,4.1,2.95,4,4
05/09/2016,4.1,2.95,4,4
06/09/2016,4.1,2.95,4,3.98
07/09/2016,4.1,2.95,4,3.98
08/09/2016,4.1,2.95,3.98,3.97
09/09/2016,4.1,2.95,3.97,3.97
13/09/2016,4.1,2.95,3.97,3.97
14/09/2016,4.1,2.95,3.97,3.96
15/09/2016,4.1,2.95,3.97,3.96
16/09/2016,4.1,2.95,3.96,3.95
19/09/2016,4.1,2.95,3.95,3.94
20/09/2016,4.1,2.95,3.95,3.92
22/09/2016,4.1,2.95,3.92,3.92
23/09/2016,4.1,2.95,3.92,3.95
26/09/2016,4.1,2.95,3.95,3.95
27/09/2016,4.1,2.95,3.95,3.94
28/09/2016,4.1,2.95,3.94,3.94
29/09/2016,4.1,2.95,3.94,3.94
03/10/2016,4.1,2.95,3.94,3.94
04/10/2016,4.1,2.95,3.94,3.94
30/09/2016,4.1,2.95,3.94,3.94
05/10/2016,4.1,2.95,3.94,3.94
06/10/2016,4.1,2.95,3.94,3.94
07/10/2016,4.1,2.95,3.94,3.95
10/10/2016,4.1,2.95,3.94,3.95
11/10/2016,4.1,2.95,3.94,3.95
12/10/2016,4.1,2.95,3.94,3.95
13/10/2016,4.1,2.95,3.94,3.95
14/10/2016,4.1,2.95,3.95,3.95
17/10/2016,4.1,2.95,3.94,3.94
18/10/2016,4.1,2.95,3.94,3.93
19/10/2016,4.1,2.95,3.93,3.91
20/10/2016,4.1,2.95,3.91,3.9
21/10/2016,4.1,2.95,3.9,3.9
24/10/2016,4.1,2.95,3.9,3.9
25/10/2016,4.1,2.95,3.9,3.9
26/10/2016,4.1,2.95,3.9,3.9
27/10/2016,4.1,2.95,3.9,3.89
28/10/2016,4.1,2.95,3.89,3.5
31/10/2016,4.1,2.95,3.5,3.5
01/11/2016,4.1,2.95,3.5,3.5
02/11/2016,4.1,2.95,3.5,3.5
03/11/2016,4.1,2.95,3.5,3.5
04/11/2016,4.1,2.95,3.5,3.5
07/11/2016,4.1,2.95,3.5,3.5
08/11/2016,4.1,2.95,3.5,3.5
09/11/2016,4.1,2.95,3.5,3.5
10/11/2016,4.1,2.95,3.5,3.5
11/11/2016,4.1,2.95,3.5,3.5
14/11/2016,4.1,2.95,3.5,3.5
15/11/2016,4.1,2.95,3.5,3.5
16/11/2016,4.1,2.95,3.5,3.5
17/11/2016,4.1,2.95,3.5,3.5
18/11/2016,4.1,2.95,3.5,3.5
21/11/2016,4.1,2.95,3.5,3.5
22/11/2016,4.1,2.95,3.5,3.5
23/11/2016,4.1,2.95,3.5,3.5
24/11/2016,4.1,2.95,3.5,3.5
25/11/2016,4.1,2.95,3.5,3.5
28/11/2016,4.1,2.95,3.5,3.49
29/11/2016,4.1,2.95,3.49,3.49
30/11/2016,4.1,2.95,3.49,3.5
01/12/2016,4.1,2.95,3.5,3.5
05/12/2016,4.1,2.95,3.5,3.5
06/12/2016,4.1,2.95,3.5,3.5
07/12/2016,4.1,2.95,3.5,3.5
08/12/2016,4.1,2.95,3.5,3.5
09/12/2016,4.1,2.95,3.5,3.5
12/12/2016,4.1,2.95,3.5,3.5
13/12/2016,4.1,2.95,3.5,3.5
14/12/2016,4.1,2.95,3.5,3.5
15/12/2016,4.1,2.95,3.5,3.5
16/12/2016,4.1,2.95,3.5,3.5
19/12/2016,4.1,2.95,3.5,3.51
20/12/2016,4.1,2.95,3.51,3.5
21/12/2016,4.1,2.95,3.5,3.51
22/12/2016,4.1,2.95,3.51,3.52
23/12/2016,4.1,2.95,3.52,3.52
28/12/2016,4.1,2.95,3.52,3.52
29/12/2016,4.1,2.95,3.52,3.52
30/12/2016,4.1,2.95,3.52,3.56
01/02/2017,4.15,3.6,3.98,4.14
02/02/2017,4.15,3.6,4.14,4.14
03/02/2017,4.19,3.6,4.14,4.19
06/02/2017,4.21,3.6,4.19,4.2
07/02/2017,4.22,3.6,4.2,4.22
08/02/2017,4.25,3.6,4.22,4.24
10/04/2013,4.29,2.1,4.02,4.29
11/04/2013,4.29,2.1,4.29,4.29
12/04/2013,4.29,2.1,4.29,4.29
15/04/2013,4.3,2.1,4.29,4.3
16/04/2013,4.3,2.1,4.3,4.3
09/02/2017,4.3,3.6,4.24,4.28
17/04/2013,4.33,2.1,4.3,4.33
10/02/2017,4.33,3.6,4.28,4.33
18/04/2013,4.37,2.1,4.33,4.37
13/02/2017,4.38,3.6,4.28,4.38
14/02/2017,4.38,3.6,4.28,4.38
19/04/2013,4.39,2.1,4.37,4.39
22/04/2013,4.39,2.1,4.39,4.39
15/02/2017,4.39,3.6,4.38,4.39
23/04/2013,4.4,2.1,4.39,4.4
24/04/2013,4.4,2.1,4.4,4.4
25/04/2013,4.4,2.1,4.4,4.38
26/04/2013,4.4,2.1,4.38,4.38
29/04/2013,4.4,2.1,4.38,4.39
30/04/2013,4.4,2.1,4.39,4.38
02/05/2013,4.4,2.1,4.38,4.38
03/05/2013,4.4,2.1,4.38,4.38
06/05/2013,4.4,2.1,4.38,4.38
07/05/2013,4.4,2.1,4.38,4.38
08/05/2013,4.4,2.1,4.38,4.39
09/05/2013,4.4,2.1,4.39,4.39
10/05/2013,4.4,2.1,4.39,4.39
13/05/2013,4.4,2.1,4.39,4.39
16/02/2017,4.4,3.6,4.39,4.4
17/02/2017,4.4,3.6,4.4,4.4
14/05/2013,4.41,2.1,4.39,4.41
15/05/2013,4.5,2.1,4.41,4.5
20/02/2017,4.5,3.6,4.4,4.43
16/05/2013,4.52,2.1,4.5,4.52
17/05/2013,4.56,2.1,4.52,4.56
20/05/2013,4.6,2.1,4.56,4.6
21/02/2017,4.6,3.6,4.43,4.6
02/01/2019,4.6,4.6,4.6,4.6
03/01/2019,4.6,4.6,4.6,4.6
04/01/2019,4.6,4.6,4.6,4.6
08/01/2019,4.6,4.6,4.6,4.6
09/01/2019,4.6,4.6,4.6,4.6
10/01/2019,4.6,4.6,4.6,4.6
11/01/2019,4.6,4.59,4.6,4.59
14/01/2019,4.6,4.46,4.59,4.46
15/01/2019,4.6,4.46,4.46,4.47
16/01/2019,4.6,4.46,4.47,4.47
17/01/2019,4.6,4.46,4.47,4.5
18/01/2019,4.6,4.46,4.5,4.5
21/01/2019,4.6,4.46,4.5,4.5
22/01/2019,4.6,4.46,4.5,4.49
23/01/2019,4.6,4.46,4.49,4.49
24/01/2019,4.6,4.46,4.49,4.49
25/01/2019,4.6,4.41,4.49,4.41
28/01/2019,4.6,4.41,4.41,4.41
29/01/2019,4.6,4.41,4.41,4.41
30/01/2019,4.6,4.39,4.41,4.39
31/01/2019,4.6,4.39,4.39,4.39
01/02/2019,4.6,4.17,4.39,4.17
04/02/2019,4.6,4.17,4.17,4.18
05/02/2019,4.6,4.17,4.18,4.18
06/02/2019,4.6,4.17,4.18,4.18
07/02/2019,4.6,4.17,4.18,4.18
08/02/2019,4.6,4.17,4.18,4.18
11/02/2019,4.6,4.17,4.18,4.18
12/02/2019,4.6,4.17,4.18,4.18
13/02/2019,4.6,4.17,4.18,4.18
14/02/2019,4.6,4.17,4.18,4.18
15/02/2019,4.6,4.17,4.18,4.18
18/02/2019,4.6,4.14,4.18,4.14
19/02/2019,4.6,4.13,4.14,4.13
20/02/2019,4.6,4.13,4.13,4.13
21/02/2019,4.6,4.1,4.13,4.1
22/02/2019,4.6,4.1,4.1,4.1
25/02/2019,4.6,4.1,4.1,4.1
26/02/2019,4.6,4.04,4.1,4.04
27/02/2019,4.6,3.5,4.04,3.5
28/02/2019,4.6,3.5,3.5,3.51
01/03/2019,4.6,3.5,3.51,3.51
04/03/2019,4.6,3.5,3.51,3.76
05/03/2019,4.6,3.5,3.76,3.81
07/03/2019,4.6,3.5,3.81,3.8
08/03/2019,4.6,3.5,3.8,3.8
11/03/2019,4.6,3.5,3.8,3.81
12/03/2019,4.6,3.5,3.81,3.8
13/03/2019,4.6,3.5,3.8,3.9
14/03/2019,4.6,3.5,3.9,4
15/03/2019,4.6,3.5,4,4
18/03/2019,4.6,3.5,4,4
19/03/2019,4.6,3.5,4,4
20/03/2019,4.6,3.5,4,3.99
21/03/2019,4.6,3.5,3.99,4
22/03/2019,4.6,3.5,4,4
25/03/2019,4.6,3.5,4,4
26/03/2019,4.6,3.5,4,4
27/03/2019,4.6,3.5,4,4
28/03/2019,4.6,3.5,4,3.81
29/03/2019,4.6,3.5,3.81,4
01/04/2019,4.6,3.5,4,4
02/04/2019,4.6,3.5,4,4
03/04/2019,4.6,3.5,4,3.93
04/04/2019,4.6,3.5,3.93,3.93
05/04/2019,4.6,3.5,3.93,3.94
08/04/2019,4.6,3.5,3.94,3.94
09/04/2019,4.6,3.5,3.94,3.95
10/04/2019,4.6,3.5,3.95,3.95
11/04/2019,4.6,3.5,3.95,3.95
12/04/2019,4.6,3.5,3.95,3.97
15/04/2019,4.6,3.5,3.97,3.96
16/04/2019,4.6,3.5,3.96,3.96
17/04/2019,4.6,3.5,3.96,3.95
18/04/2019,4.6,3.5,3.95,3.96
23/04/2019,4.6,3.5,3.96,3.96
24/04/2019,4.6,3.5,3.96,4
25/04/2019,4.6,3.5,4,4
26/04/2019,4.6,3.5,4,4
29/04/2019,4.6,3.5,4,4.15
30/04/2019,4.6,3.5,4.15,4.01
02/05/2019,4.6,3.5,4.01,4
03/05/2019,4.6,3.5,4,4
06/05/2019,4.6,3.5,4,4
07/05/2019,4.6,3.5,4,4
08/05/2019,4.6,3.5,4,4
09/05/2019,4.6,3.5,4,4.5
10/05/2019,4.6,3.5,4.5,4.5
13/05/2019,4.6,3.5,4.5,4.5
21/05/2013,4.71,2.1,4.6,4.71
22/05/2013,4.81,2.1,4.71,4.81
02/01/2014,4.85,4.85,4.85,4.85
03/01/2014,4.85,4.85,4.85,4.85
06/01/2014,4.85,4.85,4.85,4.85
07/01/2014,4.85,4.85,4.85,4.85
08/01/2014,4.85,4.85,4.85,4.85
23/05/2013,4.88,2.1,4.81,4.88
09/01/2014,4.9,4.85,4.85,4.9
10/01/2014,4.91,4.85,4.9,4.91
13/01/2014,4.92,4.85,4.91,4.92
14/01/2014,4.92,4.85,4.92,4.92
15/01/2014,4.99,4.85,4.92,4.99
22/02/2017,5,3.6,4.6,4.9
23/02/2017,5,3.6,4.6,4.88
24/02/2017,5,3.6,4.6,4.88
27/02/2017,5,3.6,4.88,4.88
28/02/2017,5,3.6,4.88,4.88
01/03/2017,5,3.6,4.88,4.88
02/03/2017,5,3.6,4.88,4.88
03/03/2017,5,3.6,4.88,4.89
07/03/2017,5,3.6,4.89,4.89
08/03/2017,5,3.6,4.89,4.9
09/03/2017,5,3.6,4.9,4.9
10/03/2017,5,3.6,4.9,4.91
13/03/2017,5,3.6,4.91,4.91
14/03/2017,5,3.6,4.91,4.91
15/03/2017,5,3.6,4.91,4.92
16/03/2017,5,3.6,4.92,4.96
17/03/2017,5,3.6,4.96,5
20/03/2017,5,3.6,5,4.98
24/05/2013,5.01,2.1,4.88,5.01
14/05/2019,5.01,3.5,4.5,5.01
15/05/2019,5.01,3.5,5.01,5.01
16/05/2019,5.01,3.5,5.01,5.01
17/05/2019,5.01,3.5,5.01,5.01
20/05/2019,5.01,3.5,5.01,5.01
21/05/2019,5.01,3.5,5.01,5.01
22/05/2019,5.01,3.5,5.01,5.01
23/05/2019,5.02,3.5,5.01,5.02
24/05/2019,5.02,3.5,5.02,5.02
27/05/2019,5.02,3.5,5.02,5.02
28/05/2019,5.02,3.5,5.02,5.02
29/05/2019,5.04,3.5,5.02,5.04
30/05/2019,5.04,3.5,5.04,5.04
31/05/2019,5.04,3.5,5.04,5.04
16/01/2014,5.05,4.85,4.99,5.05
17/01/2014,5.05,4.85,5.05,5.05
20/01/2014,5.05,4.85,5.05,5.05
21/01/2014,5.05,4.85,5.05,5.05
22/01/2014,5.05,4.85,5.05,5.02
23/01/2014,5.05,4.85,5.02,5.02
24/01/2014,5.05,4.85,5.02,5.02
27/01/2014,5.05,4.85,5.02,5.02
28/01/2014,5.05,4.85,5.02,5.02
29/01/2014,5.05,4.85,5.02,5.02
30/01/2014,5.05,4.85,5.02,5.02
31/01/2014,5.05,4.85,5.02,5.02
03/02/2014,5.05,4.85,5.02,5.02
04/02/2014,5.05,4.85,5.02,5.02
05/02/2014,5.05,4.85,5.02,5
06/02/2014,5.05,4.85,5,5.02
07/02/2014,5.05,4.85,5.02,5
10/02/2014,5.05,4.85,5,4.95
10/02/2014,5.05,4.85,5,4.95
11/02/2014,5.05,4.85,4.95,4.8
12/02/2014,5.05,4.75,4.8,4.75
13/02/2014,5.05,4.65,4.75,4.65
14/02/2014,5.05,4.65,4.65,4.65
17/02/2014,5.05,4.53,4.65,4.53
18/02/2014,5.05,4.5,4.53,4.5
19/02/2014,5.05,4.45,4.5,4.45
20/02/2014,5.05,4.45,4.45,4.45
21/02/2014,5.05,4.45,4.45,4.45
24/02/2014,5.05,4.35,4.45,4.35
25/02/2014,5.05,4.35,4.45,4.21
26/02/2014,5.05,4.1,4.21,4.1
27/02/2014,5.05,4.1,4.1,4.1
28/02/2014,5.05,4.1,4.1,4.1
03/03/2014,5.05,4.1,4.1,4.1
04/03/2014,5.05,4.09,4.1,4.09
05/03/2014,5.05,4.09,4.09,4.1
07/03/2014,5.05,4.09,4.1,4.1
10/03/2014,5.05,4.09,4.1,4.1
11/03/2014,5.05,4.09,4.1,4.1
12/03/2014,5.05,4.09,4.1,4.1
13/03/2014,5.05,4.09,4.1,4.1
14/03/2014,5.05,4.09,4.1,4.1
17/03/2014,5.05,4.09,4.1,4.1
18/03/2014,5.05,4.09,4.1,4.1
19/03/2014,5.05,4.09,4.1,4.1
20/03/2014,5.05,4.09,4.1,4.1
21/03/2014,5.05,4.09,4.1,4.1
24/03/2014,5.05,4.09,4.1,4.1
25/03/2014,5.05,4.09,4.1,4.1
26/03/2014,5.05,4.09,4.1,4.1
27/03/2014,5.05,4.09,4.1,4.1
28/03/2014,5.05,4.09,4.1,4.09
31/03/2014,5.05,4.09,4.09,4.09
01/04/2014,5.05,4.09,4.09,4.09
02/04/2014,5.05,4.09,4.09,4.09
03/04/2014,5.05,4.09,4.09,4.09
04/04/2014,5.05,4.08,4.09,4.08
08/04/2014,5.05,4.06,4.07,4.06
07/04/2014,5.05,4.07,4.08,4.07
09/04/2014,5.05,4.05,4.06,4.05
10/04/2014,5.05,4.05,4.05,4.05
11/04/2014,5.05,4.04,4.05,4.04
14/04/2014,5.05,4.01,4.04,4.01
15/04/2014,5.05,4.01,4.01,4.01
16/04/2014,5.05,4.01,4.01,4.01
17/04/2014,5.05,4,4.01,4
22/04/2014,5.05,4,4,4
23/04/2014,5.05,4,4,4
24/04/2014,5.05,4,4,4.01
25/04/2014,5.05,4,4.01,4.01
28/04/2014,5.05,4,4.01,4.01
29/04/2014,5.05,4,4.01,4.01
30/04/2014,5.05,4,4.01,4.01
02/05/2014,5.05,4,4.01,4.01
05/05/2014,5.05,4,4.01,4.01
06/05/2014,5.05,4,4.01,4.01
07/05/2014,5.05,4,4.01,4
08/05/2014,5.05,4,4,4
09/05/2014,5.05,4,4,4
12/05/2014,5.05,4,4,4.01
14/05/2014,5.05,4,4.02,4.04
13/05/2014,5.05,4,4.01,4.02
15/05/2014,5.05,4,4.04,4.08
16/05/2014,5.05,4,4.08,4.08
19/05/2014,5.05,4,4.08,4.09
20/05/2014,5.05,4,4.09,4.1
21/05/2014,5.05,4,4.1,4.13
22/05/2014,5.05,4,4.13,4.14
23/05/2014,5.05,4,4.14,4.18
27/05/2014,5.05,4,4.18,4.32
28/05/2014,5.05,4,4.32,4.44
29/05/2014,5.05,4,4.44,4.85
30/05/2014,5.05,4,4.85,5.02
02/01/2018,5.05,5.05,5.05,5.05
03/06/2019,5.05,3.5,5.04,5.05
04/06/2019,5.05,3.5,5.05,5.05
06/06/2019,5.05,3.5,5.05,5.05
07/06/2019,5.05,3.5,5.05,5.05
10/06/2019,5.05,3.5,5.05,4.53
11/06/2019,5.05,3.5,4.53,4.53
12/06/2019,5.05,3.5,4.53,4.57
13/06/2019,5.05,3.5,4.57,4.59
14/06/2019,5.05,3.5,4.59,4.59
17/06/2019,5.05,3.5,4.59,4.59
18/06/2019,5.05,3.5,4.59,4.59
19/06/2019,5.05,3.5,4.59,4.59
20/06/2019,5.05,3.5,4.59,4.5
21/06/2019,5.05,3.5,4.5,5
24/06/2019,5.05,3.5,5,5
25/06/2019,5.05,3.5,5,5
26/06/2019,5.05,3.5,5,4.93
27/06/2019,5.05,3.5,4.93,4.93
28/06/2019,5.05,3.5,4.93,4.93
01/07/2019,5.05,3.5,4.93,4.93
02/07/2019,5.05,3.5,4.93,4.93
03/07/2019,5.05,3.5,4.93,4.93
04/07/2019,5.05,3.5,4.93,4.94
05/07/2019,5.05,3.5,4.94,4.94
08/07/2019,5.05,3.5,4.94,4.94
09/07/2019,5.05,3.5,4.94,4.94
10/07/2019,5.05,3.5,4.94,4.95
11/07/2019,5.05,3.5,4.95,4.95
12/07/2019,5.05,3.5,4.95,4.95
15/07/2019,5.05,3.5,4.95,4.95
16/07/2019,5.05,3.5,4.95,4.95
17/07/2019,5.05,3.5,4.95,4.95
18/07/2019,5.05,3.5,4.95,4.95
19/07/2019,5.05,3.5,4.95,4.95
22/07/2019,5.05,3.5,4.95,4.95
23/07/2019,5.05,3.5,4.95,4.95
24/07/2019,5.05,3.5,4.95,4.95
25/07/2019,5.05,3.5,4.95,4.95
26/07/2019,5.05,3.5,4.95,4.95
29/07/2019,5.05,3.5,4.95,4.95
30/07/2019,5.05,3.5,4.95,4.95
31/07/2019,5.05,3.5,4.95,4.95
01/08/2019,5.05,3.5,4.95,4.99
02/08/2019,5.05,3.5,4.99,5.03
06/08/2019,5.05,3.5,5.03,5.03
07/08/2019,5.05,3.5,5.03,5.03
08/08/2019,5.05,3.5,5.03,5.03
09/08/2019,5.05,3.5,5.03,5.03
13/08/2019,5.05,3.5,5.03,4.95
14/08/2019,5.05,3.5,4.95,5
15/08/2019,5.05,3.5,5,4.95
16/08/2019,5.05,3.5,4.95,4.95
19/08/2019,5.05,3.5,4.95,4.95
20/08/2019,5.05,3.5,4.95,4.97
21/08/2019,5.05,3.5,4.97,4.95
22/08/2019,5.05,3.5,4.95,4.95
23/08/2019,5.05,3.5,4.95,4.52
26/08/2019,5.05,3.5,4.52,4.95
26/08/2019,5.05,3.5,4.52,4.95
27/08/2019,5.05,3.5,4.95,4.95
28/08/2019,5.05,3.5,4.95,4.93
29/08/2019,5.05,3.5,4.93,4.93
30/08/2019,5.05,3.5,4.93,4.9
02/09/2019,5.05,3.5,4.9,4.9
03/09/2019,5.05,3.5,4.9,4.9
04/09/2019,5.05,3.5,4.9,4.9
05/09/2019,5.05,3.5,4.9,4.9
06/09/2019,5.05,3.5,4.9,4.9
09/09/2019,5.05,3.5,4.9,4.9
10/09/2019,5.05,3.5,4.9,4.9
11/09/2019,5.05,3.5,4.9,4.9
12/09/2019,5.05,3.5,4.9,4.9
13/09/2019,5.05,3.5,4.9,4.9
16/09/2019,5.05,3.5,4.9,4.9
17/09/2019,5.05,3.5,4.9,4.9
18/09/2019,5.05,3.5,4.9,4.9
19/09/2019,5.05,3.5,4.9,4.9
21/03/2017,5.06,3.6,4.98,5.04
22/03/2017,5.06,3.6,5.04,5.05
03/01/2018,5.06,5.05,5.05,5.06
02/06/2014,5.1,4,5.02,5.1
03/06/2014,5.1,4,5.1,5.17
23/03/2017,5.1,3.6,5.05,5.09
20/09/2019,5.1,3.5,4.9,5.1
24/09/2019,5.1,3.5,5.1,5.1
25/09/2019,5.1,3.5,5.1,5.1
26/09/2019,5.1,3.5,5.1,5.03
27/09/2019,5.1,3.5,5.03,4.92
30/09/2019,5.1,3.5,4.92,4.92
01/10/2019,5.1,3.5,4.92,4.91
02/10/2019,5.1,3.5,4.91,4.91
03/10/2019,5.1,3.5,4.91,4.91
04/10/2019,5.1,3.5,4.91,4.91
07/10/2019,5.1,3.5,4.91,4.91
08/10/2019,5.1,3.5,4.91,4.9
09/10/2019,5.1,3.5,4.9,4.9
10/10/2019,5.1,3.5,4.9,4.9
11/10/2019,5.1,3.5,4.9,4.9
14/10/2019,5.1,3.5,4.9,4.9
15/10/2019,5.1,3.5,4.9,4.9
16/10/2019,5.1,3.5,4.9,4.9
17/10/2019,5.1,3.5,4.9,4.9
18/10/2019,5.1,3.5,4.9,4.88
21/10/2019,5.1,3.5,4.88,4.88
22/10/2019,5.1,3.5,4.88,4.88
23/10/2019,5.1,3.5,4.88,4.88
24/10/2019,5.1,3.5,4.88,4.88
25/10/2019,5.1,3.5,4.88,4.88
28/10/2019,5.1,3.5,4.88,4.88
29/10/2019,5.1,3.5,4.88,4.88
30/10/2019,5.1,3.5,4.88,4.86
31/10/2019,5.1,3.5,4.86,4.86
01/11/2019,5.1,3.5,4.86,4.86
04/11/2019,5.1,3.5,4.86,4.86
05/11/2019,5.1,3.5,4.86,4.86
06/11/2019,5.1,3.5,4.86,4.86
07/11/2019,5.1,3.5,4.86,4.86
08/11/2019,5.1,3.5,4.86,4.86
11/11/2019,5.1,3.5,4.86,4.86
12/11/2019,5.1,3.5,4.86,4.85
13/11/2019,5.1,3.5,4.85,4.85
14/11/2019,5.1,3.5,4.85,4.84
15/11/2019,5.1,3.5,4.84,4.85
18/11/2019,5.1,3.5,4.85,4.85
19/11/2019,5.1,3.5,4.85,4.85
20/11/2019,5.1,3.5,4.85,4.85
21/11/2019,5.1,3.5,4.85,4.85
22/11/2019,5.1,3.5,4.85,4.85
25/11/2019,5.1,3.5,4.85,4.85
26/11/2019,5.1,3.5,4.85,4.85
27/11/2019,5.1,3.5,4.85,4.85
28/11/2019,5.1,3.5,4.85,4.85
29/11/2019,5.1,3.5,4.85,4.85
02/12/2019,5.1,3.5,4.85,4.9
03/12/2019,5.1,3.5,4.9,4.9
04/12/2019,5.1,3.5,4.9,4.9
05/12/2019,5.1,3.5,4.9,4.9
09/12/2019,5.1,3.5,4.9,4.9
10/12/2019,5.1,3.5,4.9,4.9
11/12/2019,5.1,3.5,4.9,4.9
12/12/2019,5.1,3.5,4.9,4.9
13/12/2019,5.1,3.5,4.9,4.9
16/12/2019,5.1,3.5,4.9,4.9
17/12/2019,5.1,3.5,4.9,4.9
18/12/2019,5.1,3.5,4.9,5
19/12/2019,5.1,3.5,5,5
20/12/2019,5.1,3.5,5,5
23/12/2019,5.1,3.5,5,5
24/12/2019,5.1,3.5,5,5
27/12/2019,5.1,3.5,5,5
30/12/2019,5.1,3.5,5,5
31/12/2019,5.1,3.5,5,5.1
28/05/2013,5.12,2.1,5.01,5.12
29/05/2013,5.12,2.1,5.12,5.1
30/05/2013,5.12,2.1,5.1,5.1
31/05/2013,5.12,2.1,5.1,5.1
03/06/2013,5.12,2.1,5.1,5.1
04/06/2013,5.12,2.1,5.1,5.1
05/06/2013,5.12,2.1,5.1,5.1
06/06/2013,5.12,2.1,5.1,5.1
24/03/2017,5.14,3.6,5.09,5.13
04/01/2018,5.15,5.05,5.06,5.11
07/06/2013,5.29,2.1,5.1,5.29
10/06/2013,5.29,2.1,5.29,5.29
27/03/2017,5.3,3.6,5.13,5.18
28/03/2017,5.3,3.6,5.18,5.18
29/03/2017,5.3,3.6,5.18,5.22
30/03/2017,5.3,3.6,5.22,5.2
31/03/2017,5.3,3.6,5.2,5.2
03/04/2017,5.3,3.6,5.2,5.2
04/04/2017,5.3,3.6,5.2,5.2
05/04/2017,5.3,3.6,5.2,5.2
06/04/2017,5.3,3.6,5.2,5.22
07/04/2017,5.3,3.6,5.22,5.2
10/04/2017,5.3,3.6,5.2,5.2
11/04/2017,5.3,3.6,5.2,5.2
12/04/2017,5.3,3.6,5.2,5.2
13/04/2017,5.3,3.6,5.2,5.2
18/04/2017,5.3,3.6,5.2,5.2
19/04/2017,5.3,3.6,5.2,5.2
20/04/2017,5.3,3.6,5.2,5.2
21/04/2017,5.3,3.6,5.2,5.2
24/04/2017,5.3,3.6,5.2,5.2
25/04/2017,5.3,3.6,5.2,5.22
26/04/2017,5.3,3.6,5.22,5.2
27/04/2017,5.3,3.6,5.2,5.2
28/04/2017,5.3,3.6,5.2,5.2
02/05/2017,5.3,3.6,5.2,5.2
03/05/2017,5.3,3.6,5.2,5.2
04/05/2017,5.3,3.6,5.2,5.2
05/05/2017,5.3,3.6,5.2,5.2
08/05/2017,5.3,3.6,5.2,5.2
09/05/2017,5.3,3.6,5.2,5.2
10/05/2017,5.3,3.6,5.2,5.2
11/05/2017,5.3,3.6,5.2,5.2
12/05/2017,5.3,3.6,5.2,5.2
15/05/2017,5.3,3.6,5.2,5.2
16/05/2017,5.3,3.6,5.2,5.21
17/05/2017,5.3,3.6,5.2,5.21
18/05/2017,5.3,3.6,5.21,5.21
19/05/2017,5.3,3.6,5.21,5.21
22/05/2017,5.3,3.6,5.21,5.21
23/05/2017,5.3,3.6,5.21,5.21
24/05/2017,5.3,3.6,5.21,5.22
26/05/2017,5.3,3.6,5.21,5.24
29/05/2017,5.3,3.6,5.21,5.24
30/05/2017,5.3,3.6,5.21,5.23
31/05/2017,5.3,3.6,5.21,5.23
01/06/2017,5.3,3.6,5.21,5.23
02/06/2017,5.3,3.6,5.21,5.23
05/06/2017,5.3,3.6,5.21,5.23
06/06/2017,5.3,3.6,5.23,5.23
07/06/2017,5.3,3.6,5.23,5.22
08/06/2017,5.3,3.6,5.23,5.22
09/06/2017,5.3,3.6,5.22,5.2
12/06/2017,5.3,3.6,5.2,5.2
13/06/2017,5.3,3.6,5.2,5.2
14/06/2017,5.3,3.6,5.2,5.2
15/06/2017,5.3,3.6,5.2,5.2
16/06/2017,5.3,3.6,5.2,5.2
19/06/2017,5.3,3.6,5.2,5.2
20/06/2017,5.3,3.6,5.2,5.2
21/06/2017,5.3,3.6,5.2,5.2
22/06/2017,5.3,3.6,5.2,5.2
23/06/2017,5.3,3.6,5.2,5.2
27/06/2017,5.3,3.6,5.2,5.2
28/06/2017,5.3,3.6,5.2,5.2
29/06/2017,5.3,3.6,5.2,5.2
30/06/2017,5.3,3.6,5.2,5.2
04/07/2017,5.3,3.6,5.2,5.2
05/07/2017,5.3,3.6,5.2,5.2
06/07/2017,5.3,3.6,5.2,5.2
07/07/2017,5.3,3.6,5.2,5.2
10/07/2017,5.3,3.6,5.2,5.2
11/07/2017,5.3,3.6,5.2,5.2
12/07/2017,5.3,3.6,5.2,5.2
13/07/2017,5.3,3.6,5.2,5.2
14/07/2017,5.3,3.6,5.2,5.2
17/07/2017,5.3,3.6,5.2,5.19
18/07/2017,5.3,3.6,5.19,5.2
19/07/2017,5.3,3.6,5.2,5.2
20/07/2017,5.3,3.6,5.2,5.2
21/07/2017,5.3,3.6,5.2,5.2
24/07/2017,5.3,3.6,5.2,5.15
25/07/2017,5.3,3.6,5.15,5.2
26/07/2017,5.3,3.6,5.2,5.2
27/07/2017,5.3,3.6,5.2,5.15
28/07/2017,5.3,3.6,5.15,5.15
31/07/2017,5.3,3.6,5.15,5.15
01/08/2017,5.3,3.6,5.15,5.15
02/08/2017,5.3,3.6,5.15,5.15
03/08/2017,5.3,3.6,5.15,5.15
04/08/2017,5.3,3.6,5.15,5.15
07/08/2017,5.3,3.6,5.15,5.15
08/08/2017,5.3,3.6,5.15,5.14
09/08/2017,5.3,3.6,5.14,5.15
10/08/2017,5.3,3.6,5.15,5.14
11/08/2017,5.3,3.6,5.14,5.14
14/08/2017,5.3,3.6,5.14,5.14
15/08/2017,5.3,3.6,5.14,5.14
16/08/2017,5.3,3.6,5.14,5.14
17/08/2017,5.3,3.6,5.14,5.14
18/08/2017,5.3,3.6,5.14,5.14
21/08/2017,5.3,3.6,5.14,5.13
22/08/2017,5.3,3.6,5.13,5.13
23/08/2017,5.3,3.6,5.13,5.11
24/08/2017,5.3,3.6,5.11,5.11
25/08/2017,5.3,3.6,5.11,5.1
28/08/2017,5.3,3.6,5.1,5.1
29/08/2017,5.3,3.6,5.1,5.1
30/08/2017,5.3,3.6,5.1,5.1
31/08/2017,5.3,3.6,5.1,5.1
04/09/2017,5.3,3.6,5.1,5.1
05/09/2017,5.3,3.6,5.1,5.07
06/09/2017,5.3,3.6,5.07,5.07
07/09/2017,5.3,3.6,5.07,5
08/09/2017,5.3,3.6,5,4.5
11/09/2017,5.3,3.6,4.5,4.5
12/09/2017,5.3,3.6,4.5,4.48
13/09/2017,5.3,3.6,4.48,4.44
14/09/2017,5.3,3.6,4.44,4.44
15/09/2017,5.3,3.6,4.44,4.44
18/09/2017,5.3,3.6,4.44,4.4
19/09/2017,5.3,3.6,4.4,4.4
20/09/2017,5.3,3.6,4.4,4.3
22/09/2017,5.3,3.6,4.3,4.13
25/09/2017,5.3,3.6,4.13,4.13
26/09/2017,5.3,3.6,4.13,4.13
27/09/2017,5.3,3.6,4.13,4.13
28/09/2017,5.3,3.6,4.13,4.13
29/09/2017,5.3,3.6,4.13,4
02/10/2017,5.3,3.6,4,4
03/10/2017,5.3,3.6,4,4.01
04/10/2017,5.3,3.6,4,4
05/10/2017,5.3,3.6,4,4
06/10/2017,5.3,3.6,4,4
09/10/2017,5.3,3.6,4,4
10/10/2017,5.3,3.6,4,4.01
11/10/2017,5.3,3.6,4.01,4
12/10/2017,5.3,3.6,4,4
13/10/2017,5.3,3.6,4,4
16/10/2017,5.3,3.6,4,4
17/10/2017,5.3,3.6,4,4
18/10/2017,5.3,3.6,4,4
19/10/2017,5.3,3.6,4,4
20/10/2017,5.3,3.6,4,3.88
23/10/2017,5.3,3.6,3.88,3.88
24/10/2017,5.3,3.6,3.88,4
25/10/2017,5.3,3.6,4,4.02
26/10/2017,5.3,3.6,4.02,4.2
27/10/2017,5.3,3.6,4.2,4.2
30/10/2017,5.3,3.6,4.2,4.21
31/10/2017,5.3,3.6,4.21,4.21
01/11/2017,5.3,3.6,4.21,4.21
02/11/2017,5.3,3.6,4.21,4.21
03/11/2017,5.3,3.6,4.21,4.21
06/11/2017,5.3,3.6,4.21,4.21
07/11/2017,5.3,3.6,4.21,4.23
08/11/2017,5.3,3.6,4.23,4.23
09/11/2017,5.3,3.6,4.23,4.23
10/11/2017,5.3,3.6,4.23,4.23
13/11/2017,5.3,3.6,4.23,4.24
14/11/2017,5.3,3.6,4.24,4.26
15/11/2017,5.3,3.6,4.26,4.27
16/11/2017,5.3,3.6,4.27,4.27
17/11/2017,5.3,3.6,4.27,4.27
20/11/2017,5.3,3.6,4.27,4.29
21/11/2017,5.3,3.6,4.29,4.29
22/11/2017,5.3,3.6,4.29,4.3
23/11/2017,5.3,3.6,4.3,4.3
24/11/2017,5.3,3.6,4.3,4.31
27/11/2017,5.3,3.6,4.31,4.31
28/11/2017,5.3,3.6,4.31,4.32
29/11/2017,5.3,3.6,4.32,4.32
30/11/2017,5.3,3.6,4.32,4.5
04/12/2017,5.3,3.6,4.5,4.5
05/12/2017,5.3,3.6,4.5,4.51
06/12/2017,5.3,3.6,4.51,4.53
07/12/2017,5.3,3.6,4.53,4.53
08/12/2017,5.3,3.6,4.53,4.54
11/12/2017,5.3,3.6,4.54,4.6
12/12/2017,5.3,3.6,4.6,4.8
13/12/2017,5.3,3.6,4.8,4.8
14/12/2017,5.3,3.6,4.8,4.82
15/12/2017,5.3,3.6,4.82,4.83
18/12/2017,5.3,3.6,4.83,4.83
19/12/2017,5.3,3.6,4.83,4.99
20/12/2017,5.3,3.6,4.99,5
21/12/2017,5.3,3.6,5,5
21/12/2017,5.3,3.6,5,5
27/12/2017,5.3,3.6,5,5
28/12/2017,5.3,3.6,5,5.02
29/12/2017,5.3,3.6,5,5.05
04/06/2014,5.33,4,5.17,5.33
05/06/2014,5.35,4,5.33,5.35
06/06/2014,5.35,4,5.35,5.35
09/06/2014,5.35,4,5.35,5.35
10/06/2014,5.35,4,5.35,5.35
11/06/2014,5.35,4,5.35,5.35
12/06/2014,5.35,4,5.35,5.35
13/06/2014,5.35,4,5.35,5.35
16/06/2014,5.36,4,5.35,5.36
17/06/2014,5.38,4,5.36,5.38
18/06/2014,5.39,4,5.38,5.39
19/06/2014,5.39,4,5.39,5.41
11/06/2013,5.4,2.1,5.29,5.4
12/06/2013,5.4,2.1,5.4,5.3
13/06/2013,5.4,2.1,5.3,5.3
14/06/2013,5.4,2.1,5.3,5.26
17/06/2013,5.4,2.1,5.26,5.3
18/06/2013,5.4,2.1,5.3,5.15
19/06/2013,5.4,2.1,5.15,5.19
20/06/2013,5.4,2.1,5.19,5
21/06/2013,5.4,2.1,5,5
24/06/2013,5.4,2.1,5,4.97
25/06/2013,5.4,2.1,4.97,4.8
26/06/2013,5.4,2.1,4.8,4.6
27/06/2013,5.4,2.1,4.6,4.55
28/06/2013,5.4,2.1,4.55,4.56
02/07/2013,5.4,2.1,4.56,4.58
03/07/2013,5.4,2.1,4.58,4.6
04/07/2013,5.4,2.1,4.6,4.61
05/07/2013,5.4,2.1,4.61,4.62
08/07/2013,5.4,2.1,4.62,4.62
09/07/2013,5.4,2.1,4.62,4.62
10/07/2013,5.4,2.1,4.62,4.78
11/07/2013,5.4,2.1,4.78,4.8
12/07/2013,5.4,2.1,4.8,4.8
15/07/2013,5.4,2.1,4.8,4.8
16/07/2013,5.4,2.1,4.8,4.81
17/07/2013,5.4,2.1,4.81,4.81
18/07/2013,5.4,2.1,4.81,4.81
19/07/2013,5.4,2.1,4.81,4.81
22/07/2013,5.4,2.1,4.81,4.82
23/07/2013,5.4,2.1,4.82,4.82
24/07/2013,5.4,2.1,4.82,4.85
25/07/2013,5.4,2.1,4.85,4.84
26/07/2013,5.4,2.1,4.84,4.85
29/07/2013,5.4,2.1,4.85,4.86
30/07/2013,5.4,2.1,4.86,4.88
31/07/2013,5.4,4.88,4.86,4.92
01/08/2013,5.4,4.88,4.92,4.93
02/08/2013,5.4,4.88,4.93,4.94
05/08/2013,5.4,4.88,4.94,4.98
06/08/2013,5.4,4.88,4.98,5.06
07/08/2013,5.4,4.88,5.06,5.13
09/08/2013,5.4,4.88,5.13,5.14
12/08/2013,5.4,4.88,5.14,5.17
13/08/2013,5.4,4.88,5.17,5.17
14/08/2013,5.4,2.1,5.17,5.2
15/08/2013,5.4,2.1,5.2,5.2
16/08/2013,5.4,2.1,5.2,5.2
19/08/2013,5.4,2.1,5.2,5.24
20/08/2013,5.4,2.1,5.24,5.25
21/08/2013,5.4,2.1,5.25,5.3
22/08/2013,5.4,2.1,5.3,5.32
23/08/2013,5.4,2.1,5.32,5.32
26/08/2013,5.4,2.1,5.32,5.32
27/08/2013,5.4,2.1,5.32,5.32
28/08/2013,5.4,2.1,5.32,5.38
29/08/2013,5.4,2.1,5.38,5.38
30/08/2013,5.4,2.1,5.38,5.38
02/09/2013,5.4,2.1,5.38,5.38
03/09/2013,5.4,2.1,5.38,5.38
04/09/2013,5.4,2.1,5.38,5.38
05/09/2013,5.4,2.1,5.38,5.4
06/09/2013,5.4,2.1,5.4,5.4
09/09/2013,5.4,2.1,5.4,5.4
10/09/2013,5.4,2.1,5.4,5.4
11/09/2013,5.4,2.1,5.4,5.4
12/09/2013,5.4,2.1,5.4,5.4
13/09/2013,5.4,2.1,5.4,5.4
16/09/2013,5.4,2.1,5.4,5.4
17/09/2013,5.4,2.1,5.4,5.4
18/09/2013,5.4,2.1,5.4,5.4
19/09/2013,5.4,2.1,5.4,5.4
20/09/2013,5.4,2.1,5.4,5.4
24/09/2013,5.4,2.1,5.4,5.4
25/09/2013,5.4,2.1,5.4,5.39
26/09/2013,5.4,2.1,5.39,5.33
27/09/2013,5.4,2.1,5.33,5.32
30/09/2013,5.4,2.1,5.32,5.3
01/10/2013,5.4,2.1,5.3,5.3
02/10/2013,5.4,2.1,5.3,5.29
03/10/2013,5.4,2.1,5.29,5.2
04/10/2013,5.4,2.1,5.2,5.2
07/10/2013,5.4,2.1,5.2,5.2
08/10/2013,5.4,2.1,5.2,5.2
09/10/2013,5.4,2.1,5.2,5.2
10/10/2013,5.4,2.1,5.2,5.2
11/10/2013,5.4,2.1,5.2,5.19
14/10/2013,5.4,2.1,5.19,5.2
16/10/2013,5.4,2.1,5.2,5.2
17/10/2013,5.4,2.1,5.2,5.2
18/10/2013,5.4,2.1,5.2,5.19
21/10/2013,5.4,2.1,5.19,5.19
22/10/2013,5.4,2.1,5.19,5.19
23/10/2013,5.4,2.1,5.19,5.18
25/10/2013,5.4,2.1,5.17,4.94
24/10/2013,5.4,2.1,5.18,5.17
28/10/2013,5.4,2.1,4.94,4.99
29/10/2013,5.4,2.1,4.99,5
30/10/2013,5.4,2.1,5,5
31/10/2013,5.4,2.1,5,5
01/11/2013,5.4,2.1,5,5
04/11/2013,5.4,2.1,5,5
05/11/2013,5.4,2.1,5,5
06/11/2013,5.4,2.1,5,4.84
07/11/2013,5.4,2.1,4.84,4.84
08/11/2013,5.4,2.1,4.84,4.77
11/11/2013,5.4,2.1,4.77,4.77
12/11/2013,5.4,2.1,4.77,4.77
13/11/2013,5.4,2.1,4.77,4.77
14/11/2013,5.4,2.1,4.77,4.77
15/11/2013,5.4,2.1,4.77,4.77
18/11/2013,5.4,2.1,4.77,4.77
19/11/2013,5.4,2.1,4.77,4.77
20/11/2013,5.4,2.1,4.77,4.88
21/11/2013,5.4,2.1,4.88,4.77
22/11/2013,5.4,2.1,4.77,4.77
25/11/2013,5.4,2.1,4.77,4.77
26/11/2013,5.4,2.1,4.77,4.77
27/11/2013,5.4,2.1,4.77,4.77
28/11/2013,5.4,2.1,4.77,4.77
29/11/2013,5.4,2.1,4.77,4.77
02/12/2013,5.4,2.1,4.77,4.77
03/12/2013,5.4,2.1,4.77,4.77
04/12/2013,5.4,2.1,4.77,4.8
05/12/2013,5.4,2.1,4.8,4.8
09/12/2013,5.4,2.1,4.8,4.8
10/12/2013,5.4,2.1,4.8,4.8
11/12/2013,5.4,2.1,4.8,4.8
12/12/2013,5.4,2.1,4.8,4.8
13/12/2013,5.4,2.1,4.8,4.9
16/12/2013,5.4,2.1,4.9,4.9
17/12/2013,5.4,2.1,4.9,4.9
18/12/2013,5.4,2.1,4.9,4.9
19/12/2013,5.4,2.1,4.9,4.9
20/12/2013,5.4,2.1,4.9,4.9
23/12/2013,5.4,2.1,4.9,4.9
24/12/2013,5.4,2.1,4.9,4.9
27/12/2013,5.4,2.1,4.9,4.85
30/12/2013,5.4,2.1,4.85,4.85
31/12/2013,5.4,2.1,4.85,4.85
20/06/2014,5.45,4,5.41,5.45
23/06/2014,5.49,4,5.45,5.49
24/06/2014,5.49,4,5.49,5.46
25/06/2014,5.49,4,5.46,5.46
26/06/2014,5.49,4,5.46,4.85
27/06/2014,5.49,4,4.85,4.85
30/06/2014,5.49,4,5.2,5.42
02/07/2014,5.49,4,5.42,5.43
03/07/2014,5.49,4,5.43,5.43
04/07/2014,5.69,4,5.43,5.69
07/07/2014,5.69,4,5.69,5.43
08/07/2014,5.69,4,5.43,5.54
09/07/2014,5.69,4,5.45,5.46
10/07/2014,5.69,4,5.46,5.46
11/07/2014,5.69,4,5.46,5.46
14/07/2014,5.69,4,5.46,5.46
15/07/2014,5.69,4,5.46,5.46
16/07/2014,5.69,4,5.46,5.46
17/07/2014,5.69,4,5.46,5.42
18/07/2014,5.69,4,5.42,5.39
21/07/2014,5.69,4,5.39,5.39
22/07/2014,5.69,4,5.32,5.32
23/07/2014,5.69,4,5.32,5.25
24/07/2014,5.69,4,5.25,5.1
25/07/2014,5.69,4,5.1,5.1
29/07/2014,5.69,4,5.1,5.1
30/07/2014,5.69,4,5.1,5.12
31/07/2014,5.69,4,5.12,5.12
01/08/2014,5.69,4,5.12,5.12
04/08/2014,5.69,4,5.12,5.1
05/08/2014,5.69,4,5.1,5.1
06/08/2014,5.69,4,5.1,5.07
07/08/2014,5.69,4,5.07,5
08/08/2014,5.69,4,5,5
11/08/2014,5.69,4,5,4.99
12/08/2014,5.69,4,4.99,4.96
13/08/2014,5.69,4,4.96,4.91
14/08/2014,5.69,4,4.91,4.88
15/08/2014,5.69,4,4.88,4.6
18/08/2014,5.69,4,4.6,4.55
19/08/2014,5.69,4,4.55,4.5
20/08/2014,5.69,4,4.5,4.5
21/08/2014,5.69,4,4.5,4.5
22/08/2014,5.69,4,4.5,4.5
25/08/2014,5.69,4,4.5,4.5
26/08/2014,5.69,4,4.5,4.5
27/08/2014,5.69,4,4.5,4.5
28/08/2014,5.69,4,4.5,4.46
29/08/2014,5.69,4,4.46,4.5
01/09/2014,5.69,4,4.5,4.54
02/09/2014,5.69,4,4.54,4.56
03/09/2014,5.69,4,4.56,4.56
04/09/2014,5.69,4,4.56,4.56
05/09/2014,5.69,4,4.56,4.71
08/09/2014,5.69,4,4.73,4.74
09/09/2014,5.69,4,4.74,4.74
10/09/2014,5.69,4,4.74,4.75
11/09/2014,5.69,4,4.77,4.84
12/09/2014,5.69,4,4.84,4.91
15/09/2014,5.69,4,4.91,4.95
16/09/2014,5.69,4,4.95,4.97
17/09/2014,5.69,4,4.97,5.06
18/09/2014,5.69,4,5.06,5.08
19/09/2014,5.69,4,5.08,5.1
23/09/2014,5.69,4,5.1,5.11
24/09/2014,5.69,4,5.11,5.11
25/09/2014,5.69,4,5.11,5.11
26/09/2014,5.69,4,5.11,5.11
29/09/2014,5.69,4,5.11,5.11
30/09/2014,5.69,4,5.11,5.11
01/10/2014,5.69,4,5.11,5.11
02/10/2014,5.69,4,5.11,5.11
03/10/2014,5.69,4,5.11,5.11
07/10/2014,5.69,4,5.11,5.11
08/10/2014,5.69,4,5.11,5.11
09/10/2014,5.69,4,5.11,5.11
10/10/2014,5.69,4,5.11,5.11
13/10/2014,5.69,4,5.11,5.11
14/10/2014,5.69,4,5.11,5.11
14/10/2014,5.69,4,5.11,5.11
15/10/2014,5.69,4,5.11,5.11
16/10/2014,5.69,4,5.11,5.11
17/10/2014,5.69,4,5.11,5.11
20/10/2014,5.69,4,5.11,5.11
21/10/2014,5.69,4,5.11,5.3
22/10/2014,5.69,4,5.3,5.3
23/10/2014,5.69,4,5.3,5.24
24/10/2014,5.69,4,5.24,5.2
27/10/2014,5.69,4,5.2,5.2
28/10/2014,5.69,4,5.2,5.1
29/10/2014,5.69,4,5.1,5.29
30/10/2014,5.69,4,5.29,5.29
31/10/2014,5.69,4,5.29,5.29
03/11/2014,5.69,4,5.29,5.29
04/11/2014,5.69,4,5.29,5.29
05/11/2014,5.69,4,5.29,5.29
06/11/2014,5.69,4,5.29,5.29
07/11/2014,5.69,4,5.29,5.29
10/11/2014,5.69,4,5.29,5.29
11/11/2014,5.69,4,5.29,5.3
12/11/2014,5.69,4,5.3,5.3
13/11/2014,5.69,4,5.3,5.3
14/11/2014,5.69,4,5.3,5.3
17/11/2014,5.69,4,5.3,5.32
18/11/2014,5.69,4,5.32,5.35
19/11/2014,5.69,4,5.35,5.35
20/11/2014,5.69,4,5.35,5.35
21/11/2014,5.69,4,5.35,5.37
24/11/2014,5.69,4,5.37,5.4
25/11/2014,5.69,4,5.4,5.42
26/11/2014,5.69,4,5.42,5.42
27/11/2014,5.69,4,5.42,5.44
28/11/2014,5.69,4,5.44,5.45
01/12/2014,5.69,4,5.45,5.51
02/12/2014,5.69,4,5.51,5.62
03/12/2014,5.69,4,5.62,5.67
04/12/2014,5.76,4,5.67,5.76
08/12/2014,5.76,4,5.76,5.81
02/01/2015,5.82,5.5,5.3,5.82
05/01/2015,5.82,5.5,5.82,5.82
06/01/2015,5.82,5.5,5.82,5.78
07/01/2015,5.82,5.5,5.82,5.74
08/01/2015,5.82,5.5,5.74,5.71
09/01/2015,5.82,5.5,5.71,5.7
12/01/2015,5.82,5.5,5.7,5.69
13/01/2015,5.82,5.5,5.69,5.69
14/01/2015,5.82,5.5,5.69,5.59
15/01/2015,5.82,5.5,5.59,5.52
16/01/2015,5.82,5.5,5.52,5.5
19/01/2015,5.82,5.36,5.5,5.36
20/01/2015,5.82,5.36,5.36,5.29
21/01/2015,5.82,5.26,5.29,5.26
22/01/2015,5.82,5.26,5.26,5.2
23/01/2015,5.82,5.06,5.2,5.06
26/01/2015,5.82,5.03,5.06,5.03
27/01/2015,5.82,5,5.03,5
28/01/2015,5.82,5,5,5
29/01/2015,5.82,5,5,5
30/01/2015,5.82,4.95,5,4.95
02/02/2015,5.82,4.95,4.95,5
03/02/2015,5.82,4.95,5,4.97
04/02/2015,5.82,4.95,4.97,4.97
05/02/2015,5.82,4.95,4.97,4.97
06/02/2015,5.82,4.95,4.97,4.99
09/02/2015,5.82,4.95,4.99,5.01
10/02/2015,5.82,4.95,5.01,5
11/02/2015,5.82,4.95,5,5.02
12/02/2015,5.82,4.95,5.02,5.04
13/02/2015,5.82,4.95,5.04,5.06
16/02/2015,5.82,4.95,5.06,5.06
17/02/2015,5.82,4.95,5.06,5.06
18/02/2015,5.82,4.95,5.06,5.1
19/02/2015,5.82,4.95,5.1,5.1
20/02/2015,5.82,4.95,5.1,5.1
23/02/2015,5.82,4.95,5.11,5.14
24/02/2015,5.82,4.95,5.14,5.15
25/02/2015,5.82,4.95,5.14,5.15
26/02/2015,5.82,4.95,5.15,5.15
27/02/2015,5.82,4.95,5.15,5.15
02/03/2015,5.82,4.95,5.15,5.15
03/03/2015,5.82,4.95,5.15,5.25
04/03/2015,5.82,4.95,5.25,5.25
05/03/2015,5.82,4.95,5.25,5.25
09/03/2015,5.82,4.95,5.25,5.25
10/03/2015,5.82,4.95,5.25,5.26
11/03/2015,5.82,4.95,5.25,5.25
12/03/2015,5.82,4.95,5.25,5.25
13/03/2015,5.82,4.95,5.25,5.25
16/03/2015,5.82,4.95,5.25,5.25
17/03/2015,5.82,4.95,5.25,5.25
18/03/2015,5.82,4.95,5.25,5.25
19/03/2015,5.82,4.95,5.25,5.25
20/03/2015,5.82,4.95,5.25,5.3
23/03/2015,5.82,4.95,5.3,5.3
24/03/2015,5.82,4.95,5.29,5.3
25/03/2015,5.82,4.95,5.3,5.32
26/03/2015,5.82,4.95,5.32,5.32
27/03/2015,5.82,4.95,5.32,5.32
30/03/2015,5.82,4.95,5.32,5.32
31/03/2015,5.82,4.95,5.32,5.33
01/04/2015,5.82,4.95,5.33,5.33
02/04/2015,5.82,4.95,5.33,5.33
07/04/2015,5.82,4.95,5.34,5.2
08/04/2015,5.82,4.95,5.25,5.31
09/04/2015,5.82,4.95,5.33,5.25
10/04/2015,5.82,4.95,5.3,5.32
13/04/2015,5.82,4.95,5.31,5.32
14/04/2015,5.82,4.95,5.32,5.32
15/04/2015,5.82,4.95,5.31,5.31
16/04/2015,5.82,4.95,5.32,5.32
17/04/2015,5.82,4.95,5.33,5.33
20/04/2015,5.82,4.95,5.33,5.33
21/04/2015,5.82,4.95,5.33,5.34
22/04/2015,5.82,4.95,5.34,5.35
23/04/2015,5.82,4.95,5.34,5.35
24/04/2015,5.82,4.95,5.35,5.35
27/04/2015,5.82,4.95,5.35,5.35
28/04/2015,5.82,4.95,5.35,5.35
29/04/2015,5.82,4.95,5.36,5.38
30/04/2015,5.82,4.95,5.38,5.39
04/05/2015,5.82,4.95,5.39,5.39
05/05/2015,5.82,4.95,5.39,5.39
06/05/2015,5.82,4.95,5.38,5.38
07/05/2015,5.82,4.95,5.38,5.37
08/05/2015,5.82,4.95,5.35,5.35
11/05/2015,5.82,4.95,5.35,5.35
12/05/2015,5.82,4.95,5.35,5.34
14/05/2015,5.82,4.95,5.35,5.35
15/05/2015,5.82,4.95,5.31,5.3
18/05/2015,5.82,4.95,5.3,5.3
19/05/2015,5.82,4.95,5.3,5.24
20/05/2015,5.82,4.95,5.24,5.23
21/05/2015,5.82,4.95,5.23,5.21
22/05/2015,5.82,4.95,5.19,5.19
26/05/2015,5.82,4.95,5.19,5.19
27/05/2015,5.82,4.95,5.16,5.16
28/05/2015,5.82,4.95,5.14,5.14
29/05/2015,5.82,4.95,4.9,5.04
01/06/2015,5.82,4.95,5,5
02/06/2015,5.82,4.95,5,4.98
03/06/2015,5.82,4.91,4.98,4.91
04/06/2015,5.82,4.91,4.91,4.9
05/06/2015,5.82,4.91,4.9,4.9
08/06/2015,5.82,4.91,4.9,4.9
09/06/2015,5.82,4.91,4.9,4.9
11/06/2015,5.82,4.91,4.9,4.9
12/06/2015,5.82,4.91,4.9,4.9
15/06/2015,5.82,4.91,4.9,4.9
16/06/2015,5.82,4.91,4.9,4.9
17/06/2015,5.82,4.91,4.9,4.9
18/06/2015,5.82,4.85,4.9,4.85
19/06/2015,5.82,4.85,4.85,4.85
22/06/2015,5.82,4.85,4.85,4.85
23/06/2015,5.82,4.85,4.86,4.89
24/06/2015,5.82,4.85,4.9,4.89
25/06/2015,5.82,4.85,4.89,4.9
26/06/2015,5.82,4.85,4.9,4.9
29/06/2015,5.82,4.85,4.9,4.9
30/06/2015,5.82,4.85,4.9,4.89
02/07/2015,5.82,4.85,4.89,4.89
03/07/2015,5.82,4.84,4.85,4.84
06/07/2015,5.82,4.81,4.85,4.81
07/07/2015,5.82,4.8,4.8,4.8
08/07/2015,5.82,4.8,4.8,4.8
09/07/2015,5.82,4.75,4.75,4.75
10/07/2015,5.82,4.75,4.75,4.75
13/07/2015,5.82,4.75,4.75,4.75
14/07/2015,5.82,4.74,4.75,4.74
15/07/2015,5.82,4.73,4.73,4.73
16/07/2015,5.82,4.73,4.73,4.73
17/07/2015,5.82,4.73,4.73,4.73
21/07/2015,5.82,4.73,4.7,4.7
22/07/2015,5.82,4.6,4.6,4.6
23/07/2015,5.82,4.55,4.55,4.55
24/07/2015,5.82,4.55,4.55,4.55
27/07/2015,5.82,4.55,4.55,4.55
28/07/2015,5.82,4.52,4.53,4.52
29/07/2015,5.82,4.51,4.52,4.51
30/07/2015,5.82,4.41,4.41,4.41
31/07/2015,5.82,4.41,4.41,4.41
03/08/2015,5.82,4.4,4.4,4.4
04/08/2015,5.82,4.2,4.2,4.2
05/08/2015,5.82,4.2,4.2,4.2
06/08/2015,5.82,4.15,4.14,4.15
07/08/2015,5.82,4.15,4.15,4.15
10/08/2015,5.82,4.15,4.15,4.15
11/08/2015,5.82,4.14,4.15,4.14
12/08/2015,5.82,4.14,4.14,4.14
13/08/2015,5.82,4.14,4.14,4.14
14/08/2015,5.82,4.13,4.13,4.13
17/08/2015,5.82,4.13,4.13,4.13
18/08/2015,5.82,4.13,4.13,4.13
19/08/2015,5.82,4.11,4.11,4.11
20/08/2015,5.82,4.09,4.11,4.09
21/08/2015,5.82,4.08,4.08,4.08
24/08/2015,5.82,4.07,4.08,4.07
25/08/2015,5.82,4.05,4.05,4.05
26/08/2015,5.82,4.03,4.03,4.03
27/08/2015,5.82,4.03,4.03,4.03
28/08/2015,5.82,4.03,4.03,4.03
31/08/2015,5.82,4.03,4.03,4.03
01/09/2015,5.82,4.03,4.03,4.03
02/09/2015,5.82,4.01,4.01,4.01
03/09/2015,5.82,4.01,4.01,4.01
04/09/2015,5.82,4.01,4.01,4.01
07/09/2015,5.82,4.01,4.01,4.03
08/09/2015,5.82,4.01,4.03,4.03
09/09/2015,5.82,4.01,4.03,4.03
10/09/2015,5.82,4.01,4.03,4.03
11/09/2015,5.82,4.01,4.02,4.02
14/09/2015,5.82,4.01,4,4
15/09/2015,5.82,3.96,3.96,3.96
16/09/2015,5.82,3.89,3.9,3.89
17/09/2015,5.82,3.89,3.9,3.9
18/09/2015,5.82,3.89,3.89,3.89
22/09/2015,5.82,3.7,3.89,3.7
23/09/2015,5.82,3.69,3.7,3.69
25/09/2015,5.82,3.69,3.7,3.7
28/09/2015,5.82,3.69,3.7,3.7
29/09/2015,5.82,3.69,3.7,3.7
30/09/2015,5.82,3.69,3.7,3.71
01/10/2015,5.82,3.69,3.72,3.73
02/10/2015,5.82,3.69,3.73,3.73
05/10/2015,5.82,3.69,3.73,3.73
06/10/2015,5.82,3.69,3.73,3.73
07/10/2015,5.82,3.69,3.73,3.73
08/10/2015,5.82,3.69,3.73,3.73
09/10/2015,5.82,3.69,3.73,3.72
12/10/2015,5.82,3.69,3.73,3.72
13/10/2015,5.82,3.69,3.73,3.72
14/10/2015,5.82,3.69,3.72,3.72
15/10/2015,5.82,3.69,3.72,3.71
16/10/2015,5.82,3.69,3.72,3.7
19/10/2015,5.82,3.69,3.7,3.74
20/10/2015,5.82,3.69,3.74,3.74
21/10/2015,5.82,3.69,3.74,3.74
22/10/2015,5.82,3.69,3.74,3.74
23/10/2015,5.82,3.69,3.74,3.74
26/10/2015,5.82,3.69,3.74,3.74
27/10/2015,5.82,3.69,3.74,3.74
28/10/2015,5.82,3.69,3.74,3.74
29/10/2015,5.82,3.69,3.74,3.74
30/10/2015,5.82,3.69,3.74,3.74
02/11/2015,5.82,3.69,3.74,3.74
03/11/2015,5.82,3.69,3.74,3.74
04/11/2015,5.82,3.69,3.74,3.74
05/11/2015,5.82,3.69,3.74,3.74
06/11/2015,5.82,3.69,3.74,3.75
09/11/2015,5.82,3.69,3.75,3.75
10/11/2015,5.82,3.69,3.75,3.74
11/11/2015,5.82,3.69,3.74,3.74
12/11/2015,5.82,3.69,3.74,3.74
13/11/2015,5.82,3.69,3.74,3.75
16/11/2015,5.82,3.69,3.75,3.74
17/11/2015,5.82,3.69,3.74,3.75
18/11/2015,5.82,3.69,3.75,3.74
19/11/2015,5.82,3.69,3.74,3.74
20/11/2015,5.82,3.69,3.74,3.75
23/11/2015,5.82,3.69,3.74,3.75
24/11/2015,5.82,3.69,3.74,3.76
25/11/2015,5.82,3.69,3.74,3.76
26/11/2015,5.82,3.69,3.76,3.76
27/11/2015,5.82,3.69,3.76,3.76
30/11/2015,5.82,3.69,3.76,3.76
01/12/2015,5.82,3.69,3.76,3.76
02/12/2015,5.82,3.69,3.76,3.76
03/12/2015,5.82,3.69,3.76,3.76
07/12/2015,5.82,3.69,3.76,3.76
08/12/2015,5.82,3.69,3.76,3.77
09/12/2015,5.82,3.69,3.76,3.77
10/12/2015,5.82,3.69,3.77,3.78
11/12/2015,5.82,3.69,3.78,3.78
14/12/2015,5.82,3.69,3.78,3.77
15/12/2015,5.82,3.69,3.77,3.77
16/12/2015,5.82,3.69,3.77,3.77
17/12/2015,5.82,3.69,3.77,3.78
18/12/2015,5.82,3.69,3.78,3.78
21/12/2015,5.82,3.69,3.78,3.78
22/12/2015,5.82,3.69,3.78,3.8
23/12/2015,5.82,3.69,3.8,3.79
24/12/2015,5.82,3.69,3.79,3.8
29/12/2015,5.82,3.69,3.8,3.8
30/12/2015,5.82,3.69,3.8,3.79
31/12/2015,5.82,3.69,3.8,3.79
05/01/2018,5.82,5.05,5.06,5.82
09/12/2014,5.83,4,5.81,5.83
10/12/2014,5.83,4,5.83,5.8
11/12/2014,5.85,4,5.8,5.85
12/12/2014,5.85,4,5.85,5.85
15/12/2014,5.85,4,5.85,5.85
16/12/2014,5.85,4,5.85,5.84
17/12/2014,5.85,4,5.84,5.85
18/12/2014,5.85,4,5.85,5.85
19/12/2014,5.85,4,5.85,5.85
22/12/2014,5.85,4,5.85,5.85
23/12/2014,5.85,4,5.85,5.85
23/12/2014,5.85,4,5.85,5.85
30/12/2014,5.85,4,5.82,5.25
31/12/2014,5.85,4,5.25,5.3
29/12/2014,5.85,4,5.82,5.82
08/01/2018,6,5.05,5.82,5.98
09/01/2018,6.02,5.05,5.98,6.01
10/01/2018,6.19,5.05,6.01,6.19
11/01/2018,6.27,5.05,6.19,6.27
12/01/2018,6.56,5.05,6.27,6.52
15/01/2018,6.58,5.05,6.52,6.57
16/01/2018,6.8,5.05,6.57,6.79
17/01/2018,7,5.05,6.79,6.97
18/01/2018,7.01,5.05,6.79,7.01
19/01/2018,7.01,5.05,6.79,7.1
22/01/2018,7.12,5.05,6.79,7.12
23/01/2018,7.25,5.05,7.12,7.25
24/01/2018,7.5,5.05,7.25,7.5
25/01/2018,7.5,5.05,7.5,7.5
26/01/2018,7.5,5.05,7.5,7.5
29/01/2018,7.5,5.05,7.5,7.5
30/01/2018,7.5,5.05,7.5,7.4
31/01/2018,7.5,5.05,7.4,7.42
01/02/2018,7.5,5.05,7.42,7.41
02/02/2018,7.5,5.05,7.41,7.4
05/02/2018,7.5,5.05,7.4,7.4
06/02/2018,7.5,5.05,7.4,7.34
07/02/2018,7.5,5.05,7.34,7.19
08/02/2018,7.5,5.05,7.19,7.15
09/02/2018,7.5,5.05,7.15,7.1
12/02/2018,7.5,5.05,7.1,7.1
13/02/2018,7.5,5.05,7.1,7.1
14/02/2018,7.5,5.05,7.1,7.1
15/02/2018,7.5,5.05,7.1,7.1
16/02/2018,7.5,5.05,7.1,7.09
19/02/2018,7.5,5.05,7.09,7.03
20/02/2018,7.5,5.05,7.03,7.03
21/02/2018,7.5,5.05,7.03,6.96
22/02/2018,7.5,5.05,6.96,6.89
23/02/2018,7.5,5.05,6.89,6.8
26/02/2018,7.5,5.05,6.8,6.8
27/02/2018,7.5,5.05,6.8,6.8
28/02/2018,7.5,5.05,6.8,6.74
01/03/2018,7.5,5.05,6.74,6.7
02/03/2018,7.5,5.05,6.7,6.05
05/03/2018,7.5,5.05,6.05,5.9
07/03/2018,7.5,5.05,5.9,5.5
08/03/2018,7.5,5,5.5,5
09/03/2018,7.5,4.75,5,4.75
12/03/2018,7.5,4.72,4.75,4.72
13/03/2018,7.5,4.7,4.72,4.71
14/03/2018,7.5,4.7,4.71,4.99
15/03/2018,7.5,4.7,4.99,5.22
16/03/2018,7.5,4.7,5.22,5.25
19/03/2018,7.5,4.7,5.25,5.29
20/03/2018,7.5,4.7,5.29,5.8
21/03/2018,7.5,4.7,5.82,5.86
22/03/2018,7.5,4.7,5.86,5.97
23/03/2018,7.5,4.7,5.97,6.01
26/03/2018,7.5,4.7,6.01,6.02
27/03/2018,7.5,4.7,6.02,6.05
28/03/2018,7.5,4.7,6.05,6.05
29/03/2018,7.5,4.7,6.05,6.07
03/04/2018,7.5,4.7,6.07,6.07
04/04/2018,7.5,4.7,6.07,6.1
05/04/2018,7.5,4.7,6.1,6.1
06/04/2018,7.5,4.7,6.1,6.1
09/04/2018,7.5,4.7,6.1,6.11
10/04/2018,7.5,4.7,6.11,6.11
11/04/2018,7.5,4.7,6.11,6.16
12/04/2018,7.5,4.7,6.16,6.16
13/04/2018,7.5,4.7,6.16,6.49
16/04/2018,7.5,4.7,6.49,6.49
17/04/2018,7.5,4.7,6.49,6.51
18/04/2018,7.5,4.7,6.51,6.51
19/04/2018,7.5,4.7,6.51,6.3
20/04/2018,7.5,4.7,6.3,6.29
23/04/2018,7.5,4.7,6.29,6.29
24/04/2018,7.5,4.7,6.29,6.29
25/04/2018,7.5,4.7,6.29,6.29
26/04/2018,7.5,4.7,6.29,6.3
27/04/2018,7.5,4.7,6.3,6.31
30/04/2018,7.5,4.7,6.3,6.31
02/05/2018,7.5,4.7,6.31,6.32
03/05/2018,7.5,4.7,6.32,6.34
04/05/2018,7.5,4.7,6.34,6.35
07/05/2018,7.5,4.7,6.35,6.35
08/05/2018,7.5,4.7,6.35,6.37
09/05/2018,7.5,4.7,6.37,6.37
10/05/2018,7.5,4.7,6.37,6.38
11/05/2018,7.5,4.7,6.38,6.39
14/05/2018,7.5,4.7,6.39,6.42
15/05/2018,7.5,4.7,6.42,6.49
16/05/2018,7.5,4.7,6.49,6.5
17/05/2018,7.5,4.7,6.5,6.5
18/05/2018,7.5,4.7,6.5,6.5
21/05/2018,7.5,4.7,6.5,6.5
22/05/2018,7.5,4.7,6.5,6.49
23/05/2018,7.5,4.7,6.49,6.45
24/05/2018,7.5,4.7,6.45,6.4
28/05/2018,7.5,4.7,6.45,6.4
29/05/2018,7.5,4.7,6.4,6.38
30/05/2018,7.5,4.7,6.38,6.38
31/05/2018,7.5,4.7,6.38,6.38
01/06/2018,7.5,4.7,6.38,6.3
04/06/2018,7.5,4.7,6.3,6.3
05/06/2018,7.5,4.7,6.3,6.3
06/06/2018,7.5,4.7,6.3,6.2
07/06/2018,7.5,4.7,6.2,5.99
08/06/2018,7.5,4.7,5.99,5.94
11/06/2018,7.5,4.7,5.94,5.31
12/06/2018,7.5,4.7,5.31,5.19
13/06/2018,7.5,4.7,5.19,5.19
14/06/2018,7.5,4.7,5.19,5.17
18/06/2018,7.5,4.7,5.17,5.17
19/06/2018,7.5,4.7,5.17,5.17
20/06/2018,7.5,4.7,5.17,5.17
21/06/2018,7.5,4.7,5.15,5.15
22/06/2018,7.5,4.7,5.15,5.15
25/06/2018,7.5,4.7,5.15,5.15
26/06/2018,7.5,4.7,5.15,5.15
27/06/2018,7.5,4.7,5.15,5.18
28/06/2018,7.5,4.7,5.18,5.15
29/06/2018,7.5,4.7,5.15,5.15
03/07/2018,7.5,4.7,5.15,5.2
04/07/2018,7.5,4.7,5.2,5.15
05/07/2018,7.5,4.7,5.15,5.03
06/07/2018,7.5,4.7,5.03,5.03
09/07/2018,7.5,4.7,5.03,5.03
10/07/2018,7.5,4.7,5.03,5.03
11/07/2018,7.5,4.7,5.03,5.03
12/07/2018,7.5,4.7,5.03,5
13/07/2018,7.5,4.7,5,5
16/07/2018,7.5,4.7,5,5
17/07/2018,7.5,4.7,5,5.01
18/07/2018,7.5,4.7,5.01,5.01
19/07/2018,7.5,4.7,5.01,5.01
20/07/2018,7.5,4.7,5.01,5.01
23/07/2018,7.5,4.7,5.01,5.01
24/07/2018,7.5,4.7,5.01,5.03
25/07/2018,7.5,4.7,5.03,5.03
26/07/2018,7.5,4.7,5.03,5.05
27/07/2018,7.5,4.7,5.05,5.06
30/07/2018,7.5,4.7,5.06,5.06
31/07/2018,7.5,4.7,5.06,5.08
01/08/2018,7.5,4.7,5.08,5.1
02/08/2018,7.5,4.7,5.1,5.1
03/08/2018,7.5,4.7,5.1,5.09
06/08/2018,7.5,4.7,5.09,5.09
07/08/2018,7.5,4.7,5.09,5.1
08/08/2018,7.5,4.7,5.1,5.16
09/08/2018,7.5,4.7,5.16,5.17
10/08/2018,7.5,4.7,5.17,5.17
13/08/2018,7.5,4.7,5.17,5.17
14/08/2018,7.5,4.7,5.17,5.18
15/08/2018,7.5,4.7,5.18,5.18
16/08/2018,7.5,4.7,5.18,5.19
17/08/2018,7.5,4.7,5.19,5.29
20/08/2018,7.5,4.7,5.29,5.3
22/08/2018,7.5,4.7,5.3,5.3
23/08/2018,7.5,4.7,5.3,5.3
24/08/2018,7.5,4.7,5.3,5.32
27/08/2018,7.5,4.7,5.32,5.35
28/08/2018,7.5,4.7,5.35,5.35
29/08/2018,7.5,4.7,5.35,5.35
30/08/2018,7.5,4.7,5.35,5.35
31/08/2018,7.5,4.7,5.35,5.35
03/09/2018,7.5,4.7,5.35,5.35
04/09/2018,7.5,4.7,5.35,5.35
05/09/2018,7.5,4.7,5.35,5.35
06/09/2018,7.5,4.7,5.35,5.35
07/09/2018,7.5,4.7,5.35,5.34
10/09/2018,7.5,4.7,5.34,5.34
11/09/2018,7.5,4.7,5.34,5.34
12/09/2018,7.5,4.7,5.34,5.34
13/09/2018,7.5,4.7,5.34,5.34
14/09/2018,7.5,4.7,5.34,5.34
17/09/2018,7.5,4.7,5.34,5.34
18/09/2018,7.5,4.7,5.34,5.34
19/09/2018,7.5,4.7,5.34,5.34
20/09/2018,7.5,4.7,5.34,5.31
24/09/2018,7.5,4.7,5.31,5.31
25/09/2018,7.5,4.7,5.31,5.31
26/09/2018,7.5,4.7,5.31,5.3
27/09/2018,7.5,4.7,5.3,5.35
28/09/2018,7.5,4.7,5.35,5.35
01/10/2018,7.5,4.7,5.35,5.35
02/10/2018,7.5,4.7,5.35,5.35
03/10/2018,7.5,4.7,5.35,5.35
04/10/2018,7.5,4.7,5.35,5.35
05/10/2018,7.5,4.7,5.35,5.34
08/10/2018,7.5,4.7,5.34,5.34
09/10/2018,7.5,4.7,5.34,5.35
10/10/2018,7.5,4.7,5.35,5.35
11/10/2018,7.5,4.7,5.35,5.35
12/10/2018,7.5,4.7,5.35,5.35
15/10/2018,7.5,4.7,5.35,5.35
16/10/2018,7.5,4.7,5.35,5.35
17/10/2018,7.5,4.7,5.35,5.35
18/10/2018,7.5,4.7,5.35,5.35
19/10/2018,7.5,4.7,5.35,5.35
22/10/2018,7.5,4.7,5.35,5.35
23/10/2018,7.5,4.7,5.35,5.33
24/10/2018,7.5,4.7,5.33,5.3
24/10/2018,7.5,4.7,5.3,5.3
26/10/2018,7.5,4.7,5.3,5.3
29/10/2018,7.5,4.7,5.3,5.3
30/10/2018,7.5,4.7,5.3,5.15
31/10/2018,7.5,4.7,5.15,5.15
01/11/2018,7.5,4.7,5.15,5.15
02/11/2018,7.5,4.7,5.15,5.15
05/11/2018,7.5,4.7,5.15,5.15
06/11/2018,7.5,4.7,5.15,5.14
07/11/2018,7.5,4.7,5.14,5.14
08/11/2018,7.5,4.7,5.14,5.1
09/11/2018,7.5,4.7,5.1,5.09
12/11/2018,7.5,4.7,5.09,5.09
13/11/2018,7.5,4.7,5.09,5.09
14/11/2018,7.5,4.7,5.09,5.09
15/11/2018,7.5,4.7,5.09,5.03
16/11/2018,7.5,4.7,5.03,4.91
19/11/2018,7.5,4.7,4.91,4.83
20/11/2018,7.5,4.7,4.83,4.77
21/11/2018,7.5,4.7,4.77,4.77
22/11/2018,7.5,4.7,4.77,4.8
23/11/2018,7.5,4.7,4.8,4.79
26/11/2018,7.5,4.7,4.79,4.79
27/11/2018,7.5,4.7,4.79,4.79
28/11/2018,7.5,4.7,4.79,4.8
29/11/2018,7.5,4.7,4.8,4.8
30/11/2018,7.5,4.7,4.8,4.8
03/12/2018,7.5,4.7,4.8,4.8
04/12/2018,7.5,4.7,4.8,4.8
05/12/2018,7.5,4.7,4.8,4.8
06/12/2018,7.5,4.7,4.8,4.8
10/12/2018,7.5,4.7,4.8,4.8
11/12/2018,7.5,4.7,4.8,4.8
12/12/2018,7.5,4.7,4.8,4.8
13/12/2018,7.5,4.7,4.8,4.79
14/12/2018,7.5,4.7,4.79,4.78
17/12/2018,7.5,4.7,4.78,4.78
18/12/2018,7.5,4.7,4.78,4.78
19/12/2018,7.5,4.7,4.78,4.77
20/12/2018,7.5,4.7,4.77,4.77
21/12/2018,7.5,4.7,4.77,4.77
24/12/2018,7.5,4.7,4.77,4.77
27/12/2018,7.5,4.7,4.77,4.8
28/12/2018,7.5,4.35,4.8,4.35
31/12/2018,7.5,4.35,4.35,4.6
