Date,Open,Close,High,Low
04/01/2010,6.8,6.8,7.6,6.8
05/01/2010,6.8,6.8,7.6,6.8
06/01/2010,6.8,6.8,6.8,6.8
07/01/2010,6.8,6.8,6.8,6.8
08/01/2010,6.8,6.8,6.8,6.8
11/01/2010,6.8,6.8,6.8,6.8
12/01/2010,6.8,6.8,6.8,6.8
13/01/2010,6.8,6.8,6.8,6.8
14/01/2010,6.8,6.8,6.8,6.8
15/01/2010,6.8,6.8,6.8,6.8
18/01/2010,6.8,6.8,6.8,6.8
19/01/2010,6.8,6.8,6.8,6.8
20/01/2010,6.8,6.8,6.8,6.8
21/01/2010,6.8,6.8,6.8,6.8
22/01/2010,6.8,6.8,6.8,6.8
25/01/2010,6.8,6.8,6.8,6.8
26/01/2010,6.8,6.8,6.8,6.8
27/01/2010,6.8,6.8,6.8,6.8
28/01/2010,6.8,6.8,6.8,6.8
29/01/2010,6.8,6.8,6.8,6.8
01/02/2010,6.8,6.8,6.8,6.8
02/02/2010,6.8,6.8,6.8,6.8
03/02/2010,6.8,6.8,6.8,6.8
04/02/2010,6.8,6.8,6.8,6.8
05/02/2010,6.8,6.8,6.8,6.8
08/02/2010,6.8,6.8,6.8,6.8
09/02/2010,6.8,6.8,6.8,6.8
10/02/2010,6.8,6.8,6.8,6.8
11/02/2010,6.8,6.8,6.8,6.8
12/02/2010,6.8,6.8,6.8,6.8
15/02/2010,6.8,6.8,6.8,6.8
16/02/2010,6.8,6.8,6.8,6.8
17/02/2010,6.8,6.8,6.8,6.8
18/02/2010,6.8,6.8,6.8,6.8
19/02/2010,6.8,6.8,6.8,6.8
22/02/2010,6.8,6.8,6.8,6.8
23/02/2010,6.8,6.8,6.8,6.8
24/02/2010,6.8,6.8,6.8,6.8
25/02/2010,7,7,7,6.8
26/02/2010,7,7,7,6.8
01/03/2010,7,7,7,6.8
02/03/2010,7,7,7,6.8
03/03/2010,7,7,7,6.8
04/03/2010,7,7.01,7.01,6.8
05/03/2010,7,7.01,7.01,6.8
09/03/2010,7.01,7.01,7.01,6.8
10/03/2010,7.01,7.01,7.01,6.8
11/03/2010,7.01,7.01,7.01,6.8
12/03/2010,7.01,7.01,7.01,6.8
15/03/2010,7.01,7.01,7.01,6.8
16/03/2010,7.01,7.01,7.01,6.8
17/03/2010,7.1,7.1,7.1,6.8
18/03/2010,7.1,7.1,7.1,6.8
19/03/2010,7.1,7.1,7.1,6.8
22/03/2010,7.1,7.1,7.1,6.8
23/03/2010,7.1,7.1,7.1,6.8
24/03/2010,7.1,7.1,7.1,6.8
25/03/2010,7.1,7.1,7.1,6.8
26/03/2010,7.1,7.1,7.1,6.8
29/03/2010,7.12,7.13,7.13,6.8
30/03/2010,7.12,7.15,7.15,6.8
31/03/2010,7.16,7.16,7.16,6.8
01/04/2010,7.16,7.16,7.16,6.8
06/04/2010,7.16,7.16,7.16,6.8
07/04/2010,7.16,7.16,7.16,6.8
08/04/2010,7.16,7.16,7.16,6.8
12/04/2010,7.16,7.16,7.16,6.8
13/04/2010,7.16,7.16,7.16,6.8
14/04/2010,7.16,7.16,7.16,6.8
15/04/2010,7.16,7.16,7.16,6.8
16/04/2010,7.16,7.16,7.16,6.8
19/04/2010,7.16,7.16,7.16,6.8
20/04/2010,7.16,7.16,7.16,6.8
21/04/2010,7.16,7.16,7.16,6.8
22/04/2010,7.16,7.16,7.16,6.8
23/04/2010,7.16,7.16,7.16,6.8
26/04/2010,7.16,7.16,7.16,6.8
27/04/2010,7.16,7.16,7.16,6.8
28/04/2010,7.16,7.16,7.16,6.8
29/04/2010,7.16,7.17,7.17,6.8
30/04/2010,7.16,7.17,7.17,6.8
04/05/2010,7.16,7.17,7.17,6.8
05/05/2010,7.16,7.17,7.17,6.8
06/05/2010,7.16,7.17,7.17,6.8
07/05/2010,7.16,7.17,7.17,6.8
10/05/2010,7.17,7.23,7.23,6.8
11/05/2010,7.17,7.23,7.23,6.8
12/05/2010,7.23,7.27,7.27,6.8
13/05/2010,7.23,7.27,7.27,6.8
14/05/2010,7.23,7.27,7.27,6.8
17/05/2010,7.23,7.27,7.27,6.8
18/05/2010,7.23,7.27,7.27,6.8
19/05/2010,7.23,7.27,7.27,6.8
20/05/2010,7.23,7.27,7.27,6.8
21/05/2010,7.23,7.27,7.27,6.8
24/05/2010,7.23,7.27,7.27,6.8
26/05/2010,7.23,7.27,7.27,6.8
27/05/2010,7.23,7.27,7.27,6.8
28/05/2010,7.23,7.27,7.27,6.8
31/05/2010,7.23,7.27,7.27,6.8
01/06/2010,7.23,7.27,7.27,6.8
02/06/2010,7.23,7.27,7.27,6.8
03/06/2010,7.23,7.27,7.27,6.8
04/06/2010,7.23,7.27,7.27,6.8
07/06/2010,7.23,7.27,7.27,6.8
08/06/2010,7.23,7.38,7.38,6.8
09/06/2010,7.23,7.38,7.38,6.8
10/06/2010,7.23,7.38,7.38,6.8
11/06/2010,7.38,7.38,7.38,6.8
14/06/2010,7.38,7.38,7.38,6.8
15/06/2010,7.38,7.38,7.38,6.8
16/06/2010,7.38,7.38,7.38,6.8
17/06/2010,7.38,7.38,7.38,6.8
18/06/2010,7.38,7.38,7.38,6.8
21/06/2010,7.38,7.38,7.38,6.8
22/06/2010,7.38,7.38,7.38,6.8
23/06/2010,7.38,7.38,7.38,6.8
24/06/2010,7.38,7.38,7.38,6.8
25/06/2010,7.38,7.38,7.38,6.8
28/06/2010,7.38,7.38,7.38,6.8
29/06/2010,7.38,7.38,7.38,6.8
30/06/2010,7.38,7.38,7.38,6.8
02/07/2010,7.38,7.38,7.38,6.8
05/07/2010,7.38,7.38,7.38,6.8
06/07/2010,7.38,7.38,7.38,6.8
07/07/2010,7.38,7.38,7.38,6.8
08/07/2010,7.38,7.38,7.38,6.8
09/07/2010,7.38,8.25,8.25,6.8
12/07/2010,7.38,8.25,8.25,6.8
13/07/2010,8.25,8.25,8.25,6.8
14/07/2010,8.25,8.25,8.25,6.8
15/07/2010,8.25,8.25,8.25,6.8
16/07/2010,8.25,8.25,8.25,6.8
19/07/2010,8.25,8.25,8.25,6.8
20/07/2010,8.25,8.25,8.25,6.8
21/07/2010,8.25,8.25,8.25,6.8
22/07/2010,8.25,8.25,8.25,6.8
23/07/2010,8.25,8.25,8.25,6.8
26/07/2010,8.25,8.25,8.25,6.8
27/07/2010,8.25,8.25,8.25,6.8
28/07/2010,8.25,8.25,8.25,6.8
29/07/2010,8.25,8.25,8.25,6.8
30/07/2010,8.25,8.3,8.3,6.8
02/08/2010,8.25,8.3,8.3,6.8
03/08/2010,8.25,8.3,8.3,6.8
04/08/2010,8.25,8.3,8.3,6.8
05/08/2010,8.25,8.3,8.3,6.8
06/08/2010,8.25,8.3,8.3,6.8
09/08/2010,8.25,8.3,8.3,6.8
10/08/2010,8.25,8.3,8.3,6.8
11/08/2010,8.25,8.3,8.3,6.8
12/08/2010,8.25,8.3,8.3,6.8
13/08/2010,8.25,8.3,8.3,6.8
16/08/2010,8.25,8.3,8.3,6.8
17/08/2010,8.25,8.3,8.3,6.8
18/08/2010,8.25,8.3,8.3,6.8
19/08/2010,8.25,8.3,8.3,6.8
20/08/2010,8.25,8.3,8.3,6.8
23/08/2010,8.25,8.3,8.3,6.8
24/08/2010,8.3,8.45,8.3,6.8
25/08/2010,8.3,8.45,8.3,6.8
26/08/2010,8.3,8.45,8.3,6.8
27/08/2010,8.3,8.45,8.3,6.8
30/08/2010,8.3,8.45,8.3,6.8
31/08/2010,8.3,8.45,8.3,6.8
01/09/2010,8.3,8.45,8.3,6.8
02/09/2010,8.45,8.5,8.5,6.8
03/09/2010,8.5,8.51,8.51,6.8
06/09/2010,8.5,8.51,8.51,6.8
07/09/2010,8.5,8.51,8.51,6.8
08/09/2010,8.5,8.51,8.51,6.8
09/09/2010,8.5,8.51,8.51,6.8
13/09/2010,8.5,8.51,8.51,6.8
14/09/2010,8.5,8.51,8.51,6.8
15/09/2010,8.5,8.71,8.71,6.8
16/09/2010,8.71,8.83,8.83,6.8
17/09/2010,8.71,8.83,8.83,6.8
20/09/2010,8.83,9,9,6.8
22/09/2010,8.83,9,9,6.8
23/09/2010,8.83,9,9,6.8
24/09/2010,8.83,9,9,6.8
27/09/2010,9,9.06,9.06,6.8
28/09/2010,9,9.06,9.06,6.8
29/09/2010,9,9.06,9.06,6.8
30/09/2010,9,9.06,9.06,6.8
01/10/2010,9,9.06,9.06,6.8
04/10/2010,9,9.06,9.06,6.8
05/10/2010,9,9.06,9.06,6.8
06/10/2010,9,9.06,9.06,6.8
07/10/2010,9,9.2,9.2,6.8
08/10/2010,9,9.2,9.2,6.8
11/10/2010,9,9.2,9.2,6.8
12/10/2010,9,9.2,9.2,6.8
13/10/2010,9,9.2,9.2,6.8
14/10/2010,9,9.2,9.2,6.8
15/10/2010,9,9.2,9.2,6.8
18/10/2010,9,9.2,9.2,6.8
19/10/2010,9,9.2,9.2,6.8
20/10/2010,9,9.2,9.2,6.8
21/10/2010,9.2,9.21,9.2,6.8
22/10/2010,9.21,9.35,9.35,6.8
25/10/2010,9.21,9.35,9.35,6.8
26/10/2010,9.21,9.35,9.35,6.8
27/10/2010,9.21,9.35,9.35,6.8
28/10/2010,9.21,9.35,9.35,6.8
29/10/2010,9.21,9.35,9.35,6.8
01/11/2010,9.21,9.35,9.35,6.8
02/11/2010,9.21,9.35,9.35,6.8
03/11/2010,9.21,9.35,9.35,6.8
04/11/2010,9.21,9.35,9.35,6.8
05/11/2010,9.36,9.36,9.36,6.8
08/11/2010,9.36,9.36,9.36,6.8
09/11/2010,9.36,9.36,9.36,6.8
10/11/2010,9.36,9.36,9.36,6.8
11/11/2010,9.36,9.39,9.39,6.8
12/11/2010,9.36,9.39,9.39,6.8
15/11/2010,9.36,9.39,9.39,6.8
17/11/2010,9.36,9.4,9.4,6.8
18/11/2010,9.36,9.4,9.4,6.8
19/11/2010,9.36,9.4,9.4,6.8
22/11/2010,9.36,9.4,9.4,6.8
23/11/2010,9.36,9.4,9.4,6.8
24/11/2010,9.36,9.4,9.4,6.8
25/11/2010,9.4,9.4,9.4,6.8
26/11/2010,9.4,9.4,9.4,6.8
29/11/2010,9.4,9.4,9.4,6.8
30/11/2010,9.4,9.4,9.4,6.8
01/12/2010,9.4,9.45,9.45,6.8
02/12/2010,9.4,9.45,9.45,6.8
06/12/2010,9.4,9.45,9.45,6.8
07/12/2010,9.4,9.45,9.45,6.8
08/12/2010,9.45,9.45,9.45,6.8
09/12/2010,9.45,9.45,9.45,6.8
04/01/2011,10,10,10,10
21/01/2011,10.94,12.58,10.93,10
05/01/2011,10,10,10,10
06/01/2011,10,10.93,10,10
07/01/2011,10.93,10.93,10,10
10/01/2011,10.93,10.93,10,10
11/01/2011,10.93,10.93,10.93,10
12/01/2011,10.93,10.94,10.93,10
13/01/2011,10.93,10.94,10.93,10
14/01/2011,10.93,10.94,10.93,10
17/01/2011,10.93,10.94,10.93,10
18/01/2011,10.93,10.94,10.93,10
19/01/2011,10.93,10.94,10.93,10
20/01/2011,10.94,10.94,10.93,10
24/01/2011,12.58,12.58,10.93,10
25/01/2011,12.58,12.58,10.93,10
26/01/2011,12.58,12.58,10.93,10
27/01/2011,12.58,12.03,12.03,10
28/01/2011,12.03,12.03,12.03,10
31/01/2011,12.03,12.03,12.03,10
01/02/2011,12.03,12.61,12.61,10
02/02/2011,12.61,12.61,12.61,10
03/02/2011,12.61,12.67,12.67,10
04/02/2011,12.67,12.67,12.67,10
07/02/2011,12.67,12.67,12.67,10
08/02/2011,12.67,12.67,12.67,10
09/02/2011,12.67,12.67,12.67,10
10/02/2011,12.67,12.67,12.67,10
11/02/2011,12.67,13.01,12.67,10
14/02/2011,13.01,13.01,12.67,10
15/02/2011,13.01,13.01,12.67,10
16/02/2011,13.01,13.01,12.67,10
17/02/2011,13.01,13.01,12.67,10
18/02/2011,13.01,14,12.67,10
21/02/2011,14,14,12.67,10
22/02/2011,14,14,12.67,10
23/02/2011,14,14,12.67,10
24/02/2011,14,14,12.67,10
25/02/2011,14,14,12.67,10
28/02/2011,14,14,12.67,10
01/03/2011,14,14,12.67,10
02/03/2011,14,14,12.67,10
03/03/2011,14,14,12.67,10
04/03/2011,14,14,12.67,10
08/03/2011,14,14,12.67,10
09/03/2011,14,14,12.67,10
10/03/2011,14,14,12.67,10
11/03/2011,14,14,12.67,10
14/03/2011,14,14,12.67,10
15/03/2011,14,15.12,15.12,10
16/03/2011,15.12,15.12,15.12,10
17/03/2011,17.01,15.42,17.02,10
18/03/2011,15.42,15.49,17.02,10
21/03/2011,15.3,15.3,17.02,10
22/03/2011,15.3,15.3,17.02,10
23/03/2011,15.3,15.3,17.02,10
24/03/2011,15.3,15.51,17.02,10
25/03/2011,15.51,15.51,17.02,10
28/03/2011,15.51,15.61,17.02,10
29/03/2011,15.61,15.61,17.02,10
30/03/2011,15.61,15.61,17.02,10
31/03/2011,15.61,15.82,17.02,10
01/04/2011,15.82,15.86,17.02,10
04/04/2011,15.86,15.86,17.02,10
05/04/2011,15.86,15.86,17.02,10
06/04/2011,15.86,15.89,17.02,10
07/04/2011,15.89,15.9,17.02,10
08/04/2011,15.9,15.9,17.02,10
11/04/2011,15.9,15.92,17.02,10
12/04/2011,15.92,15.92,17.02,10
13/04/2011,15.92,15.92,17.02,10
14/04/2011,15.92,15.92,17.02,10
15/04/2011,15.92,16.3,17.02,10
18/04/2011,16.3,16.31,17.02,10
19/04/2011,16.31,16.31,17.02,10
20/04/2011,16.31,16.32,17.02,10
21/04/2011,16.32,16.32,17.02,10
26/04/2011,16.32,16.32,17.02,10
27/04/2011,16.32,16.32,17.02,10
28/04/2011,16.32,16.32,17.02,10
29/04/2011,16.32,16.34,17.02,10
03/05/2011,16.34,16.35,17.02,10
04/05/2011,16.35,16.35,17.02,10
05/05/2011,16.35,16.79,17.02,10
06/05/2011,16.79,16.79,17.02,10
09/05/2011,16.79,16.9,17.02,10
10/05/2011,16.9,16.9,17.02,10
11/05/2011,16.9,16.9,17.02,10
12/05/2011,16.9,17.02,17.02,10
13/05/2011,17.02,17.17,17.17,10
16/05/2011,17.17,17.2,17.17,10
17/05/2011,17.2,17.2,17.17,10
18/05/2011,17.2,17.2,17.17,10
19/05/2011,17.2,17.2,17.17,10
20/05/2011,17.2,17.31,17.31,10
23/05/2011,17.31,17.31,17.31,10
24/05/2011,17.31,17.31,17.31,10
26/05/2011,17.31,17.31,17.31,10
27/05/2011,17.31,17.31,17.31,10
30/05/2011,17.31,17.31,17.31,10
31/05/2011,17.31,17.31,17.31,10
01/06/2011,17.31,17.31,17.31,10
02/06/2011,17.31,17.31,17.31,10
03/06/2011,17.31,17.31,17.31,10
06/06/2011,17.31,17.5,17.31,10
07/06/2011,17.5,17.5,17.31,10
08/06/2011,17.5,17.5,17.31,10
09/06/2011,17.5,17.5,17.31,10
10/06/2011,17.5,17.5,17.31,10
13/06/2011,17.5,17.5,17.31,10
14/06/2011,17.5,17.5,17.5,10
15/06/2011,17.5,17.5,17.5,10
16/06/2011,17.5,17.5,17.5,10
17/06/2011,17.5,17.5,17.5,10
20/06/2011,17.5,17.52,17.52,10
21/06/2011,17.52,17.52,17.52,10
22/06/2011,17.52,17.61,17.61,10
23/06/2011,17.61,17.61,17.61,10
24/06/2011,17.61,17.67,17.67,10
27/06/2011,17.67,17.8,17.8,10
28/06/2011,17.8,17.8,17.8,10
29/06/2011,17.8,17.8,17.8,10
30/06/2011,17.8,17.8,17.8,10
04/07/2011,17.8,20,20,10
05/07/2011,20,20,20,10
06/07/2011,20,20,20,10
07/07/2011,20,20,20,10
08/07/2011,20,20,20,10
11/07/2011,20,20,20,10
12/07/2011,20,20,20,10
13/07/2011,20,20,20,10
14/07/2011,20,20,20,10
15/07/2011,20,20,20,10
18/07/2011,20,20,20,10
19/07/2011,20,20.07,20.07,10
20/07/2011,20.07,20.07,20.07,10
21/07/2011,20.07,20.07,20.07,10
22/07/2011,20.07,20.07,20.07,10
25/07/2011,20.07,20.07,20.07,10
26/07/2011,20.07,20.07,20.07,10
27/07/2011,20.07,20.07,20.07,10
28/07/2011,20.07,20.07,20.07,10
29/07/2011,20.07,21.13,21.13,10
01/08/2011,21.13,21.16,21.16,10
02/08/2011,21.16,21.16,21.16,10
03/08/2011,21.16,21.16,21.16,10
04/08/2011,21.16,21.28,21.28,10
05/08/2011,21.28,21.81,21.81,10
08/08/2011,21.81,22.04,21.81,10
09/08/2011,22.04,22.04,21.81,10
10/08/2011,22.04,22.04,21.81,10
11/08/2011,22.04,22.04,21.81,10
12/08/2011,22.04,22.04,21.81,10
15/08/2011,22.04,22.09,21.81,10
16/08/2011,22.09,22.2,22.2,10
17/08/2011,22.2,22.28,22.28,10
18/08/2011,22.28,22.36,22.36,10
19/08/2011,22.36,22.41,22.41,10
19/08/2011,22.36,22.41,22.41,10
24/08/2011,22.41,22.51,22.51,10
25/08/2011,22.51,22.51,22.51,10
26/08/2011,22.51,22.59,22.59,10
29/08/2011,22.59,22.59,22.59,10
23/08/2011,22.41,22.41,22.41,10
22/08/2011,22.41,22.41,22.41,10
30/08/2011,22.59,23.13,22.59,10
01/09/2011,23.13,23.13,22.59,10
02/09/2011,23.13,23.2,22.59,10
05/09/2011,23.2,23.23,22.59,10
06/09/2011,23.23,23.23,22.59,10
07/09/2011,23.23,23.23,22.59,10
08/09/2011,23.23,24,24,10
09/09/2011,24,24.84,24.84,10
12/09/2011,24.84,24.84,24.84,10
13/09/2011,24.84,25,24.84,10
14/09/2011,25,25,24.84,10
15/09/2011,25,26,26,10
16/09/2011,26,26.22,26,10
19/09/2011,26.14,26.16,26.14,10
20/09/2011,26.16,26.23,26.23,10
22/09/2011,26.23,29.46,29.46,10
23/09/2011,29.46,30,29.46,10
26/09/2011,30,30,29.46,10
27/09/2011,30,30,29.46,10
28/09/2011,30,30,29.46,10
29/09/2011,30,30,29.46,10
30/09/2011,30,30,29.46,10
03/10/2011,30,30,29.46,10
04/10/2011,30,29.99,30,10
05/10/2011,29.99,28,30,10
06/10/2011,28,28,30,10
07/10/2011,28,27.99,30,10
10/10/2011,27.99,27.5,30,10
11/10/2011,27.5,27.5,30,10
12/10/2011,27.5,27.98,30,10
13/10/2011,27.98,27.98,30,10
14/10/2011,27.98,27.98,30,10
17/10/2011,27.98,27,30,10
18/10/2011,27,27,30,10
19/10/2011,27,27,30,10
20/10/2011,27,26,30,10
21/10/2011,26,26,30,10
24/10/2011,26,26,30,10
25/10/2011,26,25,30,10
26/10/2011,25,24.99,30,10
27/10/2011,24.99,24.99,30,10
28/10/2011,24.99,23,30,10
31/10/2011,23,23,30,10
01/11/2011,23,23,30,10
02/11/2011,23,23,30,10
03/11/2011,23,23,30,10
04/11/2011,23,23,30,10
08/11/2011,23,23,30,10
09/11/2011,23,22,30,10
10/11/2011,22,22,30,10
11/11/2011,22,21,30,10
14/11/2011,21,21,30,10
15/11/2011,21,20,30,10
16/11/2011,20,20,30,10
17/11/2011,20,20,30,10
18/11/2011,20,20,30,10
21/11/2011,20,20,30,10
22/11/2011,20,19.83,30,10
23/11/2011,19.83,19.83,30,10
24/11/2011,19.83,19.83,30,10
25/11/2011,19.83,19.83,30,10
28/11/2011,19.83,19.83,30,10
29/11/2011,19.83,19.83,30,10
30/11/2011,19.83,19.83,30,10
01/12/2011,19.83,19.83,30,10
05/12/2011,19.83,19.83,30,10
06/12/2011,19.83,19.83,30,10
07/12/2011,19.83,19.83,30,10
08/12/2011,19.83,19.83,30,10
09/12/2011,19.83,19.83,30,10
12/12/2011,19.83,19.83,30,10
13/12/2011,19.83,19.83,30,10
14/12/2011,19.83,19.83,30,10
15/12/2011,19.83,19.83,30,10
16/12/2011,19.83,19.83,30,10
19/12/2011,19.83,19.83,30,10
20/12/2011,19.83,19.84,30,10
21/12/2011,19.84,19.84,30,10
22/12/2011,19.84,19.84,30,10
23/12/2011,19.84,19.84,30,10
28/12/2011,19.84,19.84,30,10
29/12/2011,19.84,19.83,30,10
30/12/2011,19.83,19.83,30,10
03/01/2012,19.83,19.83,30,10
04/01/2012,19.83,19.83,30,10
05/01/2012,19.83,19.83,19.83,19.83
06/01/2012,19.83,19.83,19.83,19.83
09/01/2012,19.83,19.83,19.83,19.83
10/01/2012,19.83,19.83,19.83,19.83
11/01/2012,19.83,19.83,19.83,19.83
12/01/2012,19.83,19.83,19.83,19.83
13/01/2012,19.83,19.83,19.83,19.83
16/01/2012,19.83,19.83,19.83,19.83
17/01/2012,19.83,19.83,19.83,19.83
18/01/2012,19.83,19.83,19.83,19.83
19/01/2012,19.83,19.83,19.83,19.83
20/01/2012,19.83,19.83,19.83,19.83
23/01/2012,19.83,19.83,19.83,19.83
24/01/2012,19.83,19.83,19.83,19.83
25/01/2012,19.83,19.83,19.83,19.83
26/01/2012,19.83,19.83,19.83,19.83
27/01/2012,19.83,19.84,19.84,19.83
30/01/2012,19.84,19.86,19.86,19.83
31/01/2012,19.86,21,21,19.83
01/02/2012,21,21,21,19.83
02/02/2012,21,21.1,21.1,19.83
03/02/2012,21.1,21.21,21.21,19.83
06/02/2012,21.21,21.25,21.25,19.83
07/02/2012,21.25,21.26,21.25,19.83
08/02/2012,21.26,21.27,21.27,19.83
09/02/2012,21.27,21.27,21.27,19.83
10/02/2012,21.27,21.27,21.27,19.83
13/02/2012,21.27,21.27,21.27,19.83
14/02/2012,21.27,21.28,21.28,19.83
15/02/2012,21.28,21.28,21.28,19.83
16/02/2012,21.28,21.33,21.33,19.83
17/02/2012,21.33,22.5,22.5,19.83
20/02/2012,22.5,22.5,22.5,19.83
21/02/2012,22.5,23,23,19.83
22/02/2012,23,23,23,19.83
23/02/2012,23,23,23,19.83
24/02/2012,23,23.01,23,19.83
27/02/2012,23.01,23.01,23.01,19.83
28/02/2012,23.01,24.5,24.5,19.83
29/02/2012,24.5,25,25,19.83
01/03/2012,25,25,25,19.83
02/03/2012,25,26,25,19.83
05/03/2012,26,26,25,19.83
07/03/2012,26,26,25,19.83
08/03/2012,26,26.1,26.1,19.83
09/03/2012,26.1,26.1,26.1,19.83
12/03/2012,26.1,26.1,26.1,19.83
13/03/2012,26.1,26.1,26.1,19.83
14/03/2012,26.1,26.1,26.1,19.83
15/03/2012,26.1,26.1,26.1,19.83
16/03/2012,26.1,26.1,26.1,19.83
19/03/2012,26.1,26.11,26.11,19.83
20/03/2012,26.11,26.13,26.11,19.83
21/03/2012,26.13,26.13,26.11,19.83
22/03/2012,26.13,26.15,26.11,19.83
23/03/2012,26.15,26.16,26.16,19.83
26/03/2012,26.16,26.2,26.2,19.83
27/03/2012,26.2,26.2,26.2,19.83
28/03/2012,26.2,26.2,26.2,19.83
29/03/2012,26.2,26.43,26.43,19.83
30/03/2012,26.43,26.5,26.43,19.83
02/04/2012,26.5,26.5,26.43,19.83
03/04/2012,26.5,26.5,26.43,19.83
04/04/2012,26.5,27,27,19.83
05/04/2012,27,27,27,19.83
10/04/2012,27,27,27,19.83
11/04/2012,27,27,27,19.83
12/04/2012,27,27,27,19.83
13/04/2012,27,27,27,19.83
16/04/2012,27,27,27,19.83
17/04/2012,27,27,27,19.83
18/04/2012,27,27,27,19.83
19/04/2012,27,27,27,19.83
20/04/2012,27,26.97,27,19.83
23/04/2012,26.97,26.97,27,19.83
24/04/2012,26.97,26.97,27,19.83
25/04/2012,26.97,27,27,19.83
26/04/2012,27,26.14,27,19.83
27/04/2012,26.14,26.14,27,19.83
30/04/2012,26.14,26.14,27,19.83
02/05/2012,26.14,26.14,27,19.83
03/05/2012,26.14,26.14,27,19.83
04/05/2012,26.14,26.14,27,19.83
07/05/2012,26.14,26.14,27,19.83
08/05/2012,26.14,26.1,27,19.83
09/05/2012,26.1,26.1,27,19.83
10/05/2012,26.1,26.05,27,19.83
11/05/2012,26.05,25,27,19.83
14/05/2012,25,24,27,19.83
15/05/2012,24,24,27,19.83
16/05/2012,24,23.16,27,19.83
17/05/2012,23.16,22.49,27,19.83
18/05/2012,22.49,22.45,27,19.83
21/05/2012,22.45,22.45,27,19.83
22/05/2012,22.45,22.12,27,19.83
23/05/2012,22.12,22.1,27,19.83
24/05/2012,22.1,22.1,27,19.83
28/05/2012,22.1,22,27,19.83
29/05/2012,22,21.8,27,19.83
30/05/2012,21.8,20,27,19.83
31/05/2012,20,20,27,19.83
01/06/2012,20,19.96,27,19.83
04/06/2012,19.96,19.96,27,19.83
05/06/2012,19.96,19.5,27,19.5
06/06/2012,19.5,19.48,27,19.5
07/06/2012,19.48,19.48,27,19.5
08/06/2012,19.48,19.47,27,19.47
12/06/2012,19.47,19.47,27,19.47
11/06/2012,19.48,19.47,27,19.47
13/06/2012,19.47,19.47,27,19.47
14/06/2012,19.47,19.47,27,19.47
15/06/2012,19.47,19.47,27,19.47
18/06/2012,19.47,19.45,27,19.45
19/06/2012,19.45,19.45,27,19.45
20/06/2012,19.45,19.45,27,19.45
21/06/2012,19.45,19.45,27,19.45
22/06/2012,19.45,19.45,27,19.45
25/06/2012,19.45,19.45,27,19.45
26/06/2012,19.45,19.44,27,19.45
27/06/2012,19.44,19.44,27,19.45
28/06/2012,19.44,19.43,27,19.45
29/06/2012,19.43,19.43,27,19.45
03/07/2012,19.43,19.43,27,19.45
04/07/2012,19.43,19.43,27,19.45
05/07/2012,19.44,19.44,27,19.45
06/07/2012,19.43,19.4,27,19.4
09/07/2012,19.4,19.4,27,19.4
10/07/2012,19.4,19.4,27,19.4
11/07/2012,19.4,19.4,27,19.4
12/07/2012,19.4,19.4,27,19.4
13/07/2012,19.4,19.3,27,19.3
16/07/2012,19.3,19.3,27,19.3
17/07/2012,19.3,18.01,27,19.3
18/07/2012,18.01,18.01,27,19.3
19/07/2012,18.01,18,27,19.3
23/07/2012,18,18,27,19.3
24/07/2012,18,18,27,19.3
25/07/2012,18,18,27,19.3
26/07/2012,18,18,27,19.3
27/07/2012,18,17.92,27,17.92
30/07/2012,17.92,18,27,17.92
31/07/2012,18,18,27,17.92
01/08/2012,18,18,27,17.92
02/08/2012,18,18,27,17.92
03/08/2012,18,18,27,17.92
06/08/2012,18,18.08,27,17.92
07/08/2012,18.08,18.12,27,17.92
08/08/2012,18.12,18.17,27,17.92
09/08/2012,18.17,18.17,27,17.92
13/08/2012,18.17,18.21,18.21,17.92
14/08/2012,18.21,18.32,18.35,17.92
15/08/2012,18.32,18.39,18.39,17.92
16/08/2012,18.39,18.41,18.41,17.92
17/08/2012,18.41,18.42,18.42,17.92
21/08/2012,18.42,18.42,18.42,17.92
22/08/2012,18.42,18.42,18.42,17.92
23/08/2012,18.42,18.42,18.42,17.92
24/08/2012,18.42,18.42,18.42,17.92
27/08/2012,18.42,18.42,18.42,17.92
28/08/2012,18.42,18.42,18.42,17.92
29/08/2012,18.42,18.42,18.42,17.92
30/08/2012,18.42,18.42,18.42,17.92
31/08/2012,18.42,18.43,18.43,17.92
03/09/2012,18.43,18.43,18.43,17.92
04/09/2012,18.43,18.4,18.43,17.92
05/09/2012,18.4,18.4,18.43,17.92
06/09/2012,18.4,18.4,18.43,17.92
07/09/2012,18.4,18.2,18.43,17.92
11/09/2012,18.2,18.2,18.43,17.92
10/09/2012,18.2,18.2,18.43,17.92
12/09/2012,18.2,18.4,18.43,17.92
13/09/2012,18.4,18.4,18.43,17.92
14/09/2012,18.4,18.4,18.43,17.92
17/09/2012,18.4,18.4,18.43,17.92
18/09/2012,18.4,18.2,18.43,17.92
19/09/2012,18.2,18.2,18.43,17.92
20/09/2012,18.2,18.19,18.43,17.92
24/09/2012,18.19,18.19,18.43,17.92
25/09/2012,18.19,18.18,18.43,17.92
26/09/2012,18.18,18.18,18.43,17.92
27/09/2012,18.18,18.18,18.43,17.92
28/09/2012,18.18,18,18.43,17.92
01/10/2012,18,18,18.43,17.92
02/10/2012,18,18,18.43,17.92
03/10/2012,18,18,18.43,17.92
04/10/2012,18,18,18.43,17.92
05/10/2012,18,18,18.43,17.92
08/10/2012,18,18,18.43,17.92
09/10/2012,18,18,18.43,17.92
10/10/2012,18,18,18.43,17.92
11/10/2012,18,18,18.43,17.92
12/10/2012,18,18,18.43,17.92
15/10/2012,18,18,18.43,17.92
16/10/2012,18,18,18.43,17.92
17/10/2012,18,18,18.43,17.92
18/10/2012,18,18.01,18.43,17.92
19/10/2012,18.01,18.05,18.43,17.92
22/10/2012,18.05,18.05,18.43,17.92
23/10/2012,18.05,18.09,18.43,17.92
24/10/2012,18.09,18.15,18.43,17.92
25/10/2012,18.15,18.15,18.43,17.92
29/10/2012,18.15,18.15,18.43,17.92
30/10/2012,18.15,18.15,18.43,17.92
31/10/2012,18.15,18.15,18.43,17.92
02/11/2012,18.4,19,19,17.92
01/11/2012,18.15,18.4,18.43,17.92
05/11/2012,19,20,19,17.92
06/11/2012,20,20,19,17.92
07/11/2012,20,20,19,17.92
08/11/2012,20,20,19,17.92
09/11/2012,20,20,19,17.92
12/11/2012,20,20,19,17.92
13/11/2012,20,20,19,17.92
14/11/2012,20,20,19,17.92
15/11/2012,20,20,20,17.92
16/11/2012,20,20,20,17.92
19/11/2012,20,20,20,17.92
20/11/2012,20,20,20,17.92
21/11/2012,20,20,20,17.92
22/11/2012,20,20,20,17.92
23/11/2012,20,23,20,17.92
27/11/2012,22,22,20,17.92
28/11/2012,22,22.01,22.01,17.92
29/11/2012,22.01,22.01,22.01,17.92
30/11/2012,22.01,22.1,22.1,17.92
04/12/2012,22.1,23,23,17.92
04/12/2012,23,23,23,17.92
05/12/2012,23,23,23,17.92
06/12/2012,23,23,23,17.92
10/12/2012,23,23,23,17.92
11/12/2012,23,23,23,17.92
12/12/2012,23,23,23,17.92
13/12/2012,23,23,23,17.92
14/12/2012,23,23,23,17.92
17/12/2012,23,23,23,17.92
18/12/2012,23,23,23,17.92
19/12/2012,23,23.12,23.12,17.92
20/12/2012,23.12,23.5,23.12,17.92
21/12/2012,23.5,23.5,23.12,17.92
24/12/2012,23.5,23.36,23.12,17.92
27/12/2012,23.36,23.49,23.49,17.92
28/12/2012,23.49,23.49,23.49,17.92
31/12/2012,23.49,23.49,23.49,17.92
02/01/2013,23.49,23.5,23.5,23.49
03/01/2013,23.5,23.49,23.5,23.49
04/01/2013,23.49,23.49,23.5,23.49
07/01/2013,23.49,23.49,23.5,23.49
08/01/2013,23.49,20.5,23.5,20.5
09/01/2013,20.5,20.5,23.5,20.5
10/01/2013,20.5,21.52,23.5,20.5
11/01/2013,21.52,23,23.5,20.5
14/01/2013,23,23,23.5,20.5
16/01/2013,23,23,23.5,20.5
15/01/2013,23,23,23.5,20.5
17/01/2013,23,23,23.5,20.5
18/01/2013,23,23,23.5,20.5
21/01/2013,23,23,23.5,20.5
22/01/2013,23,23,23.5,20.5
23/01/2013,23,23,23.5,20.5
24/01/2013,23,23,23.5,20.5
25/01/2013,23,23,23.5,20.5
28/01/2013,23,23,23.5,20.5
29/01/2013,23,23,23.5,20.5
30/01/2013,23,23,23.5,20.5
31/01/2013,23,22.43,23.5,20.5
01/02/2013,22.43,22.43,23.5,20.5
04/02/2013,22.43,22.43,23.5,20.5
05/02/2013,22.43,22.43,23.5,20.5
06/02/2013,22.43,22.45,23.5,20.5
07/02/2013,22.45,22.95,23.5,20.5
08/02/2013,22.95,23.5,23.5,20.5
11/02/2013,23.5,23.5,23.5,20.5
12/02/2013,23.5,23.55,23.55,20.5
13/02/2013,23.55,23.55,23.55,20.5
14/02/2013,23.55,24,24,20.5
15/02/2013,24,24,24,20.5
18/02/2013,24,24.01,24.01,20.5
19/02/2013,24.01,25,25,20.5
20/02/2013,25,26.99,26.99,20.5
21/02/2013,26.99,26.99,26.99,20.5
22/02/2013,26.99,26.99,26.99,20.5
25/02/2013,26.99,25,26.99,20.5
26/02/2013,25,25.02,26.99,20.5
27/02/2013,25.02,25.05,26.99,20.5
28/02/2013,25.05,25.05,26.99,20.5
01/03/2013,25.05,25.06,26.99,20.5
04/03/2013,25.06,25.1,26.99,20.5
05/03/2013,25.1,25.12,26.99,20.5
07/03/2013,25.12,26.99,26.99,20.5
08/03/2013,26.99,26.99,26.99,20.5
11/03/2013,26.99,26.99,26.99,20.5
12/03/2013,26.99,27,27,20.5
13/03/2013,27,27.02,27.02,20.5
14/03/2013,27.02,27.03,27.02,20.5
15/03/2013,27.03,27.1,27.1,20.5
18/03/2013,27.1,27.1,27.1,20.5
19/03/2013,27.1,27.1,27.1,20.5
20/03/2013,27.1,27.1,27.1,20.5
21/03/2013,27.1,28.01,28.01,20.5
22/03/2013,28.01,28.01,28.01,20.5
25/03/2013,28.01,28.6,28.6,20.5
26/03/2013,28.6,28.6,28.6,20.5
27/03/2013,28.6,28.6,28.6,20.5
28/03/2013,28.6,28.6,28.6,20.5
02/04/2013,28.6,28.61,28.61,20.5
03/04/2013,28.61,29,29,20.5
04/04/2013,29,29,29,20.5
05/04/2013,29,29,29,20.5
08/04/2013,29,29,29,20.5
09/04/2013,29,29,29,20.5
10/04/2013,29,29.02,29.02,20.5
11/04/2013,29.02,29.03,29.03,20.5
12/04/2013,29.03,29.03,29.03,20.5
15/04/2013,29.03,29.03,29.03,20.5
16/04/2013,29.03,29.03,29.03,20.5
17/04/2013,29.03,29.1,29.1,20.5
18/04/2013,29.1,29.1,29.1,20.5
19/04/2013,29.1,29.1,29.1,20.5
22/04/2013,29.1,29.1,29.1,20.5
23/04/2013,29.1,29.1,29.1,20.5
24/04/2013,29.1,29.1,29.1,20.5
25/04/2013,29.1,29.1,29.1,20.5
26/04/2013,29.1,29.1,29.1,20.5
29/04/2013,29.1,29.23,29.23,20.5
30/04/2013,29.23,29.23,29.23,20.5
02/05/2013,29.23,29.22,29.23,20.5
03/05/2013,29.22,29.22,29.23,20.5
06/05/2013,29.22,29.22,29.23,20.5
07/05/2013,29.22,29.22,29.23,20.5
08/05/2013,29.22,29.22,29.23,20.5
09/05/2013,29.22,29.22,29.23,20.5
10/05/2013,29.22,29.22,29.23,20.5
13/05/2013,29.22,29.22,29.23,20.5
14/05/2013,29.22,29.21,29.23,20.5
15/05/2013,29.21,28.26,29.23,20.5
16/05/2013,28.26,28.02,29.23,20.5
17/05/2013,28.02,28,29.23,20.5
20/05/2013,28,27.9,29.23,20.5
21/05/2013,27.9,27.73,29.23,20.5
22/05/2013,27.73,27.3,29.23,20.5
23/05/2013,27.3,27.3,29.23,20.5
24/05/2013,27.3,27.31,29.23,20.5
28/05/2013,27.31,27.33,29.23,20.5
29/05/2013,27.33,27.33,29.23,20.5
30/05/2013,27.33,27.5,29.23,20.5
31/05/2013,27.5,27.55,29.23,20.5
03/06/2013,27.55,27.75,29.23,20.5
04/06/2013,27.75,31.26,31.26,20.5
05/06/2013,31.26,32.92,32.92,20.5
06/06/2013,32.92,32.92,32.92,20.5
07/06/2013,32.92,34.94,34.94,20.5
10/06/2013,34.94,34.94,34.94,20.5
11/06/2013,34.94,34.94,34.94,20.5
12/06/2013,34.94,38.34,38.34,20.5
13/06/2013,38.34,40.55,40.55,20.5
14/06/2013,40.55,41.5,41.5,20.5
17/06/2013,41.5,41.5,41.5,20.5
18/06/2013,41.5,42,42,20.5
19/06/2013,42,41.99,42,20.5
20/06/2013,41.99,41.99,42,20.5
21/06/2013,41.99,41.98,42,20.5
24/06/2013,41.98,41.99,42,20.5
25/06/2013,41.99,41.99,42,20.5
26/06/2013,41.99,41.99,42,20.5
27/06/2013,41.99,42,42,20.5
28/06/2013,42,41.66,42,20.5
02/07/2013,41.66,41.66,42,20.5
03/07/2013,41.66,41.66,42,20.5
04/07/2013,41.66,41.66,42,20.5
05/07/2013,41.66,41.66,42,20.5
08/07/2013,41.66,41.75,42,20.5
09/07/2013,41.75,41.8,42,20.5
10/07/2013,41.8,41.8,42,20.5
11/07/2013,41.8,41.8,42,20.5
12/07/2013,41.8,42,42,20.5
15/07/2013,42,42,42,20.5
16/07/2013,42,42,42,20.5
17/07/2013,42,42,42,20.5
18/07/2013,42,42,42,20.5
19/07/2013,42,42,42,20.5
22/07/2013,42,41.98,42,20.5
23/07/2013,41.98,41.98,42,20.5
24/07/2013,41.98,41.95,42,20.5
25/07/2013,41.95,41.95,42,20.5
26/07/2013,41.95,41.95,42,20.5
29/07/2013,41.95,41.95,42,20.5
30/07/2013,41.95,41.94,42,20.5
31/07/2013,41.95,41.93,42,41.93
01/08/2013,41.93,41.9,42,41.9
02/08/2013,41.9,41.9,42,41.9
05/08/2013,41.9,41.9,42,41.9
06/08/2013,41.9,41.9,42,41.9
07/08/2013,41.9,41.9,42,41.9
09/08/2013,41.9,41.9,42,41.9
12/08/2013,5.24,5.24,5.25,5.24
13/08/2013,5.24,5.24,5.25,5.24
14/08/2013,5.24,5.25,5.25,2.94
15/08/2013,5.25,5.25,5.25,2.94
16/08/2013,5.25,5.25,5.25,2.94
19/08/2013,5.25,5.25,5.25,2.94
20/08/2013,5.25,5.25,5.25,2.94
21/08/2013,5.25,5.24,5.25,2.94
22/08/2013,5.24,5.24,5.25,2.94
23/08/2013,5.24,5.24,5.25,2.94
26/08/2013,5.24,5.24,5.25,2.94
27/08/2013,5.24,5.24,5.25,2.94
28/08/2013,5.24,5.22,5.25,2.94
29/08/2013,5.22,5.22,5.25,2.94
30/08/2013,5.22,5.22,5.25,2.94
02/09/2013,5.22,5.22,5.25,2.94
03/09/2013,5.22,5.22,5.25,2.94
04/09/2013,5.22,5.21,5.25,2.94
05/09/2013,5.21,5.2,5.25,2.94
06/09/2013,5.2,5.2,5.25,2.94
09/09/2013,5.2,5.2,5.25,2.94
10/09/2013,5.2,5.18,5.25,2.94
11/09/2013,5.18,5.18,5.25,2.94
12/09/2013,5.18,5.18,5.25,2.94
13/09/2013,5.18,5.18,5.25,2.94
16/09/2013,5.18,5.18,5.25,2.94
17/09/2013,5.18,5.18,5.25,2.94
18/09/2013,5.18,5.17,5.25,2.94
19/09/2013,5.17,5.16,5.25,2.94
20/09/2013,5.16,5.16,5.25,2.94
24/09/2013,5.16,5.16,5.25,2.94
25/09/2013,5.16,5.11,5.25,2.94
26/09/2013,5.11,5,5.25,2.94
27/09/2013,5,5,5.25,2.94
30/09/2013,5,5,5.25,2.94
01/10/2013,5,5,5.25,2.94
02/10/2013,5,5,5.25,2.94
03/10/2013,5,5,5.25,2.94
04/10/2013,5,5,5.25,2.94
07/10/2013,5,5,5.25,2.94
08/10/2013,5,5,5.25,2.94
09/10/2013,5,5,5.25,2.94
10/10/2013,5,5,5.25,2.94
11/10/2013,5,5,5.25,2.94
14/10/2013,5,5,5.25,2.94
16/10/2013,5,5,5.25,2.94
17/10/2013,5,5,5.25,2.94
18/10/2013,5,4.99,5.25,2.94
21/10/2013,4.99,5,5.25,2.94
22/10/2013,5,5,5.25,2.94
23/10/2013,5,5,5.25,2.94
25/10/2013,5,5,5.25,2.94
24/10/2013,5,5,5.25,2.94
28/10/2013,5,5,5.25,2.94
29/10/2013,5,5,5.25,2.94
30/10/2013,5,5,5.25,2.94
31/10/2013,5,5,5.25,2.94
01/11/2013,5,5,5.25,2.94
04/11/2013,5,5,5.25,2.94
05/11/2013,5,5.01,5.25,2.94
06/11/2013,5.01,5.02,5.25,2.94
07/11/2013,5.02,5.02,5.25,2.94
08/11/2013,5.02,5.02,5.25,2.94
11/11/2013,5.02,5.02,5.25,2.94
12/11/2013,5.02,5.02,5.25,2.94
13/11/2013,5.02,5.02,5.25,2.94
14/11/2013,5.02,5.02,5.25,2.94
15/11/2013,5.02,5.02,5.25,2.94
18/11/2013,5.02,5.02,5.25,2.94
19/11/2013,5.02,5.03,5.25,2.94
20/11/2013,5.03,5.03,5.25,2.94
21/11/2013,5.03,5.04,5.25,2.94
22/11/2013,5.04,5.06,5.25,2.94
25/11/2013,5.06,5.06,5.25,2.94
26/11/2013,5.06,5.05,5.25,2.94
27/11/2013,5.05,5.04,5.25,2.94
28/11/2013,5.04,5.04,5.25,2.94
29/11/2013,5.04,5.03,5.25,2.94
02/12/2013,5.03,5.03,5.25,2.94
03/12/2013,5.03,5.03,5.25,2.94
04/12/2013,5.03,5.02,5.25,2.94
05/12/2013,5.02,5.02,5.25,2.94
09/12/2013,5.02,5.02,5.25,2.94
10/12/2013,5.02,5.02,5.25,2.94
11/12/2013,5.02,5.02,5.25,2.94
12/12/2013,5.02,5.02,5.25,2.94
13/12/2013,5.02,5.03,5.25,2.94
16/12/2013,5.03,5.03,5.25,2.94
17/12/2013,5.03,5.02,5.25,2.94
18/12/2013,5.02,5.02,5.25,2.94
19/12/2013,5.02,5.02,5.25,2.94
20/12/2013,5.02,5.02,5.25,2.94
23/12/2013,5.02,5.02,5.25,2.94
24/12/2013,5.02,5.06,5.25,2.94
27/12/2013,5.06,5.06,5.25,2.94
30/12/2013,5.06,5.06,5.25,2.94
31/12/2013,5.06,5.06,5.25,2.94
02/01/2014,5.06,5.06,5.06,5.06
03/01/2014,5.06,5.02,5.06,5.02
06/01/2014,5.02,5.02,5.06,5.02
07/01/2014,5.02,5.02,5.06,5.02
08/01/2014,5.02,5.02,5.06,5.02
09/01/2014,5.02,5.03,5.06,5.02
10/01/2014,5.03,5.03,5.06,5.02
13/01/2014,5.03,5.03,5.06,5.02
14/01/2014,5.03,5.03,5.06,5.02
15/01/2014,5.03,5.03,5.06,5.02
16/01/2014,5.03,5.03,5.06,5.02
17/01/2014,5.03,5.03,5.06,5.02
20/01/2014,5.03,5.03,5.06,5.02
21/01/2014,5.03,5.03,5.06,5.02
22/01/2014,5.03,5.03,5.06,5.02
23/01/2014,5.03,5.03,5.06,5.02
24/01/2014,5.03,5.03,5.06,5.02
27/01/2014,5.03,5.03,5.06,5.02
28/01/2014,5.03,5.03,5.06,5.02
29/01/2014,5.03,5.03,5.06,5.02
30/01/2014,5.03,5.03,5.06,5.02
31/01/2014,5.03,5.03,5.06,5.02
03/02/2014,5.03,5.03,5.06,5.02
04/02/2014,5.03,5.02,5.06,5.02
05/02/2014,5.02,5.02,5.06,5.02
06/02/2014,5.02,5.02,5.06,5.02
07/02/2014,5.02,5.02,5.06,5.02
10/02/2014,5.02,5.02,5.06,5.02
10/02/2014,5.02,5.02,5.06,5.02
11/02/2014,5.02,5.03,5.06,5.02
12/02/2014,5.03,5.04,5.06,5.02
13/02/2014,5.04,5.04,5.06,5.02
14/02/2014,5.04,5.05,5.06,5.02
17/02/2014,5.05,5.07,5.07,5.02
18/02/2014,5.07,5.07,5.07,5.02
19/02/2014,5.07,5.15,5.15,5.02
20/02/2014,5.15,5.22,5.22,5.02
21/02/2014,5.15,5.25,5.25,5.02
24/02/2014,5.25,5.25,5.25,5.02
25/02/2014,5.25,5.25,5.25,5.02
26/02/2014,5.25,5.26,5.26,5.02
27/02/2014,5.26,5.26,5.26,5.02
28/02/2014,5.26,5.29,5.29,5.02
03/03/2014,5.29,5.3,5.3,5.02
04/03/2014,5.3,5.32,5.32,5.02
05/03/2014,5.32,5.32,5.32,5.02
07/03/2014,5.32,5.35,5.35,5.02
10/03/2014,5.35,5.35,5.35,5.02
11/03/2014,5.35,5.4,5.4,5.02
12/03/2014,5.4,5.4,5.4,5.02
13/03/2014,5.4,5.4,5.4,5.02
14/03/2014,5.4,5.45,5.45,5.02
17/03/2014,5.45,5.47,5.47,5.02
18/03/2014,5.47,5.49,5.49,5.02
19/03/2014,5.49,5.49,5.49,5.02
20/03/2014,5.49,5.8,5.8,5.02
21/03/2014,5.8,5.94,5.8,5.02
24/03/2014,5.94,5.94,5.8,5.02
25/03/2014,5.94,6.16,5.8,5.02
26/03/2014,6.16,6.21,6.21,5.02
27/03/2014,6.21,6.5,6.5,5.02
28/03/2014,6.5,6.5,6.5,5.02
31/03/2014,6.5,6.48,6.5,5.02
01/04/2014,6.48,6.53,6.53,5.02
02/04/2014,6.53,6.51,6.53,5.02
03/04/2014,6.51,6.53,6.53,5.02
04/04/2014,6.53,6.55,6.55,5.02
08/04/2014,6.55,6.55,6.55,5.02
07/04/2014,6.55,6.55,6.55,5.02
09/04/2014,6.55,6.56,6.56,5.02
10/04/2014,6.56,6.56,6.56,5.02
11/04/2014,6.56,6.56,6.56,5.02
14/04/2014,6.56,6.55,6.56,5.02
15/04/2014,6.55,6.55,6.56,5.02
16/04/2014,6.55,6.55,6.56,5.02
17/04/2014,6.55,6.53,6.56,5.02
22/04/2014,6.53,6.53,6.56,5.02
23/04/2014,6.53,6.53,6.56,5.02
24/04/2014,6.53,6.53,6.56,5.02
25/04/2014,6.53,6.5,6.56,5.02
28/04/2014,6.5,6.5,6.56,5.02
29/04/2014,6.5,6.5,6.56,5.02
30/04/2014,6.5,6.5,6.56,5.02
02/05/2014,6.5,6.5,6.56,5.02
05/05/2014,6.5,6.45,6.56,5.02
06/05/2014,6.45,6.45,6.56,5.02
07/05/2014,6.45,6.45,6.56,5.02
08/05/2014,6.45,6.45,6.56,5.02
09/05/2014,6.45,6.45,6.56,5.02
12/05/2014,6.45,6.4,6.56,5.02
14/05/2014,6.42,6.42,6.56,5.02
13/05/2014,6.42,6.42,6.56,5.02
15/05/2014,6.42,6.42,6.56,5.02
16/05/2014,6.42,6.42,6.56,5.02
19/05/2014,6.42,6.4,6.56,5.02
20/05/2014,6.4,6.4,6.56,5.02
21/05/2014,6.4,6.4,6.56,5.02
22/05/2014,6.4,6.4,6.56,5.02
23/05/2014,6.4,6.4,6.56,5.02
27/05/2014,6.4,6.4,6.56,5.02
28/05/2014,6.4,6.4,6.56,5.02
29/05/2014,6.4,6.4,6.56,5.02
30/05/2014,6.4,6.4,6.56,5.02
02/06/2014,6.4,6.4,6.56,5.02
03/06/2014,6.4,6.4,6.56,5.02
04/06/2014,6.4,6.4,6.56,5.02
05/06/2014,6.4,6.4,6.56,5.02
06/06/2014,6.4,6.57,6.57,5.02
09/06/2014,6.57,6.57,6.57,5.02
10/06/2014,6.57,6.57,6.57,5.02
11/06/2014,6.57,6.57,6.57,5.02
12/06/2014,6.57,6.57,6.57,5.02
13/06/2014,6.57,6.57,6.57,5.02
16/06/2014,6.57,6.54,6.57,5.02
17/06/2014,6.54,6.54,6.57,5.02
18/06/2014,6.54,6.54,6.57,5.02
19/06/2014,6.54,6.54,6.57,5.02
20/06/2014,6.54,6.54,6.57,5.02
23/06/2014,6.54,6.54,6.57,5.02
24/06/2014,6.54,6.54,6.57,5.02
25/06/2014,6.54,6.54,6.57,5.02
26/06/2014,6.54,6.54,6.57,5.02
27/06/2014,6.54,6.54,6.57,5.02
30/06/2014,6.54,6.54,6.57,5.02
02/07/2014,6.54,6.52,6.57,5.02
03/07/2014,6.52,6.53,6.57,5.02
04/07/2014,6.53,6.54,6.57,5.02
07/07/2014,6.54,6.54,6.57,5.02
08/07/2014,6.54,6.54,6.57,5.02
09/07/2014,6.54,6.53,6.57,5.02
10/07/2014,6.53,6.53,6.57,5.02
11/07/2014,6.53,6.5,6.57,5.02
14/07/2014,6.5,6.5,6.57,5.02
15/07/2014,6.5,6.5,6.57,5.02
16/07/2014,6.5,6.4,6.57,5.02
17/07/2014,6.4,6.41,6.57,5.02
18/07/2014,6.41,6.41,6.57,5.02
21/07/2014,6.41,6.41,6.57,5.02
22/07/2014,6.35,6.35,6.57,5.02
23/07/2014,6.35,6.35,6.57,5.02
24/07/2014,6.35,6.33,6.57,5.02
25/07/2014,6.33,6.33,6.57,5.02
29/07/2014,6.33,6.33,6.57,5.02
30/07/2014,6.33,6.33,6.57,5.02
31/07/2014,6.33,6.33,6.57,5.02
01/08/2014,6.33,6.33,6.57,5.02
04/08/2014,6.33,6.33,6.57,5.02
05/08/2014,6.33,6.33,6.57,5.02
06/08/2014,6.33,6.33,6.57,5.02
07/08/2014,6.33,6.33,6.57,5.02
08/08/2014,6.33,6.3,6.57,5.02
11/08/2014,6.3,6.3,6.57,5.02
12/08/2014,6.3,6.3,6.57,5.02
13/08/2014,6.3,6.3,6.57,5.02
14/08/2014,6.3,6.3,6.57,5.02
15/08/2014,6.3,6.25,6.57,5.02
18/08/2014,6.25,6.15,6.57,5.02
19/08/2014,6.15,6.15,6.57,5.02
20/08/2014,6.15,6.15,6.57,5.02
21/08/2014,6.15,6.15,6.57,5.02
22/08/2014,6.15,6.15,6.57,5.02
25/08/2014,6.15,6.15,6.57,5.02
26/08/2014,6.15,6.15,6.57,5.02
27/08/2014,6.15,6.15,6.57,5.02
28/08/2014,6.15,6.15,6.57,5.02
29/08/2014,6.15,6.1,6.57,5.02
01/09/2014,6.1,6.1,6.57,5.02
02/09/2014,6.1,6.11,6.57,5.02
03/09/2014,6.11,6.1,6.57,5.02
04/09/2014,6.1,6.1,6.57,5.02
05/09/2014,6.1,6.1,6.57,5.02
08/09/2014,6.1,6.1,6.57,5.02
09/09/2014,6.1,6.1,6.57,5.02
10/09/2014,6.1,6.1,6.57,5.02
11/09/2014,6.1,6.1,6.57,5.02
12/09/2014,6.1,6.1,6.57,5.02
15/09/2014,6.1,6.1,6.57,5.02
16/09/2014,6.1,6.1,6.57,5.02
17/09/2014,6.1,6.1,6.57,5.02
18/09/2014,6.1,6.1,6.57,5.02
19/09/2014,6.1,6.1,6.57,5.02
23/09/2014,6.1,6.1,6.57,5.02
24/09/2014,6.1,6.1,6.57,5.02
25/09/2014,6.1,6.1,6.57,5.02
26/09/2014,6.1,6.1,6.57,5.02
29/09/2014,6.1,6.1,6.57,5.02
30/09/2014,6.1,6.1,6.57,5.02
01/10/2014,6.1,6.1,6.57,5.02
02/10/2014,6.1,6.1,6.57,5.02
03/10/2014,6.1,6.1,6.57,5.02
07/10/2014,6.1,6.1,6.57,5.02
08/10/2014,6.1,6.1,6.57,5.02
09/10/2014,6.1,6.1,6.57,5.02
10/10/2014,6.1,6.1,6.57,5.02
13/10/2014,6.1,6.1,6.57,5.02
14/10/2014,6.1,6.1,6.57,5.02
14/10/2014,6.1,6.1,6.57,5.02
15/10/2014,6.1,6.1,6.57,5.02
16/10/2014,6.1,6.1,6.57,5.02
17/10/2014,6.1,6.1,6.57,5.02
20/10/2014,6.1,6.1,6.57,5.02
21/10/2014,6.1,6.1,6.57,5.02
22/10/2014,6.1,6.1,6.57,5.02
23/10/2014,6.1,6.1,6.57,5.02
24/10/2014,6.1,6.1,6.57,5.02
27/10/2014,6.1,6.1,6.57,5.02
28/10/2014,6.1,6.1,6.57,5.02
29/10/2014,6.1,6.1,6.57,5.02
30/10/2014,6.1,6.1,6.57,5.02
31/10/2014,6.1,6.1,6.57,5.02
03/11/2014,6.1,6.1,6.57,5.02
04/11/2014,6.1,6.1,6.57,5.02
05/11/2014,6.1,6.1,6.57,5.02
06/11/2014,6.1,6.1,6.57,5.02
07/11/2014,6.1,6.1,6.57,5.02
10/11/2014,6.1,6.1,6.57,5.02
11/11/2014,6.1,6.1,6.57,5.02
12/11/2014,6.1,6.1,6.57,5.02
13/11/2014,6.1,6.12,6.57,5.02
14/11/2014,6.12,6.12,6.57,5.02
17/11/2014,6.12,6.12,6.57,5.02
18/11/2014,6.12,6.12,6.57,5.02
19/11/2014,6.12,6.12,6.57,5.02
20/11/2014,6.12,6.12,6.57,5.02
21/11/2014,6.12,6.12,6.57,5.02
24/11/2014,6.12,6.12,6.57,5.02
25/11/2014,6.12,6.12,6.57,5.02
26/11/2014,6.12,6.12,6.57,5.02
27/11/2014,6.12,6.12,6.57,5.02
28/11/2014,6.12,6.1,6.57,5.02
01/12/2014,6.1,6.1,6.57,5.02
02/12/2014,6.1,6.1,6.57,5.02
03/12/2014,6.1,6.1,6.57,5.02
04/12/2014,6.1,6.1,6.57,5.02
08/12/2014,6.1,6.1,6.57,5.02
09/12/2014,6.1,6.1,6.57,5.02
10/12/2014,6.1,6.1,6.57,5.02
11/12/2014,6.1,6.1,6.57,5.02
12/12/2014,6.1,6.1,6.57,5.02
15/12/2014,6.1,6.1,6.57,5.02
16/12/2014,6.1,6.1,6.57,5.02
17/12/2014,6.1,6.1,6.57,5.02
18/12/2014,6.1,6.1,6.57,5.02
19/12/2014,6.1,6.1,6.57,5.02
22/12/2014,6.1,6.1,6.57,5.02
23/12/2014,6.1,6.1,6.57,5.02
23/12/2014,6.1,6.1,6.57,5.02
30/12/2014,6.1,6.1,6.57,5.02
31/12/2014,6.1,6.1,6.57,5.02
02/01/2015,6.1,6.1,6.1,6.1
05/01/2015,6.1,6.1,6.1,6.1
29/12/2014,6.1,6.1,6.57,5.02
06/01/2015,6.1,6.1,6.1,6.1
07/01/2015,6.1,6.1,6.1,6.1
08/01/2015,6.1,6.1,6.1,6.1
09/01/2015,6.1,6.1,6.1,6.1
12/01/2015,6.1,6.1,6.1,6.1
13/01/2015,6.1,6.1,6.1,6.1
14/01/2015,6.1,6.1,6.1,6.1
15/01/2015,6.1,6.1,6.1,6.1
16/01/2015,6.1,6.1,6.1,6.1
19/01/2015,6.1,6.1,6.1,6.1
20/01/2015,6.1,6.1,6.1,6.1
21/01/2015,6.1,6.12,6.12,6.1
22/01/2015,6.12,6.12,6.12,6.1
23/01/2015,6.12,6.12,6.12,6.1
26/01/2015,6.12,6.12,6.12,6.1
27/01/2015,6.12,6.12,6.12,6.1
28/01/2015,6.12,6.12,6.12,6.1
29/01/2015,6.12,6.12,6.12,6.1
30/01/2015,6.12,6.12,6.12,6.1
02/02/2015,6.12,6.12,6.12,6.1
03/02/2015,6.12,6.12,6.12,6.1
04/02/2015,6.12,6.12,6.12,6.1
05/02/2015,6.12,6.12,6.12,6.1
06/02/2015,6.12,6.12,6.12,6.1
09/02/2015,6.12,6.12,6.12,6.1
10/02/2015,6.12,6.12,6.12,6.1
11/02/2015,6.12,6.12,6.12,6.1
12/02/2015,6.12,6.12,6.12,6.1
13/02/2015,6.12,6.11,6.12,6.1
16/02/2015,6.11,6.11,6.12,6.1
17/02/2015,6.11,6.11,6.12,6.1
18/02/2015,6.11,6.11,6.12,6.1
19/02/2015,6.11,6.11,6.12,6.1
20/02/2015,6.11,6.11,6.12,6.1
23/02/2015,6.11,6.11,6.12,6.1
24/02/2015,6.11,6.12,6.12,6.1
25/02/2015,6.11,6.12,6.12,6.1
26/02/2015,6.11,6.11,6.12,6.1
27/02/2015,6.11,6.11,6.12,6.1
02/03/2015,6.11,6.11,6.12,6.1
03/03/2015,6.11,6.11,6.12,6.1
04/03/2015,6.11,6.11,6.12,6.1
05/03/2015,6.11,6.11,6.12,6.1
09/03/2015,6.11,6.11,6.12,6.1
10/03/2015,6.11,6.11,6.12,6.1
11/03/2015,6.11,6.11,6.12,6.1
12/03/2015,6.11,6.11,6.12,6.1
13/03/2015,6.11,6.11,6.12,6.1
16/03/2015,6.11,6.11,6.12,6.1
17/03/2015,6.11,6.11,6.12,6.1
18/03/2015,6.11,6.11,6.12,6.1
19/03/2015,6.11,6.11,6.12,6.1
20/03/2015,6.11,6.11,6.12,6.1
23/03/2015,6.1,6.1,6.12,6.1
24/03/2015,6.1,6.1,6.12,6.1
25/03/2015,6.1,6.1,6.12,6.1
26/03/2015,6.1,6.1,6.12,6.1
27/03/2015,6.1,6.1,6.12,6.1
30/03/2015,6.1,6.1,6.12,6.1
31/03/2015,6.15,6.15,6.15,6.1
01/04/2015,6.15,6.15,6.15,6.1
02/04/2015,6.15,6.15,6.15,6.1
07/04/2015,6.15,6.15,6.15,6.1
08/04/2015,6.15,6.15,6.15,6.1
09/04/2015,6.15,6.15,6.15,6.1
10/04/2015,6.15,6.15,6.15,6.1
13/04/2015,6.15,6.15,6.15,6.1
14/04/2015,6.15,6.15,6.15,6.1
15/04/2015,6.15,6.15,6.15,6.1
16/04/2015,6.15,6.15,6.15,6.1
17/04/2015,6.15,6.15,6.15,6.1
20/04/2015,6.15,6.15,6.15,6.1
21/04/2015,6.15,6.15,6.15,6.1
22/04/2015,6.15,6.15,6.15,6.1
23/04/2015,6.15,6.15,6.15,6.1
24/04/2015,6.15,6.15,6.15,6.1
27/04/2015,6.14,6.14,6.15,6.1
28/04/2015,6.14,6.14,6.15,6.1
29/04/2015,6.14,6.14,6.15,6.1
30/04/2015,6.14,6.14,6.15,6.1
04/05/2015,6.14,6.14,6.15,6.1
05/05/2015,6.14,6.14,6.15,6.1
06/05/2015,6.14,6.14,6.15,6.1
07/05/2015,6.14,6.13,6.15,6.1
08/05/2015,5.3,5.3,6.15,5.3
11/05/2015,5.3,5.3,6.15,5.3
12/05/2015,5.3,5.3,6.15,5.3
14/05/2015,6,6,6.15,5.3
15/05/2015,6,5.94,6.15,5.3
18/05/2015,5.94,5.94,6.15,5.3
19/05/2015,5.94,5.94,6.15,5.3
20/05/2015,5.94,5.94,6.15,5.3
21/05/2015,5.94,5.94,6.15,5.3
22/05/2015,5.92,5.92,6.15,5.3
26/05/2015,5.92,5.92,6.15,5.3
27/05/2015,5.92,5.92,6.15,5.3
28/05/2015,5.92,5.92,6.15,5.3
29/05/2015,5.92,5.92,6.15,5.3
01/06/2015,5.92,5.92,6.15,5.3
02/06/2015,5.92,5.92,6.15,5.3
03/06/2015,5.92,5.92,6.15,5.3
04/06/2015,5.92,5.92,6.15,5.3
05/06/2015,5.92,5.92,6.15,5.3
08/06/2015,5.9,5.9,6.15,5.3
09/06/2015,5.9,5.9,6.15,5.3
11/06/2015,5.9,5.9,6.15,5.3
12/06/2015,5.9,5.33,6.15,5.3
15/06/2015,5.33,5.33,6.15,5.3
16/06/2015,5.33,5.33,6.15,5.3
17/06/2015,5.33,5.3,6.15,5.3
18/06/2015,5.33,5.3,6.15,5.3
19/06/2015,5.3,5.3,6.15,5.3
22/06/2015,5.3,5.3,6.15,5.3
23/06/2015,5.3,5.3,6.15,5.3
24/06/2015,5.3,5.3,6.15,5.3
25/06/2015,5.3,5.3,6.15,5.3
26/06/2015,5.3,5.3,6.15,5.3
29/06/2015,5.3,5.3,6.15,5.3
30/06/2015,5.3,5.3,6.15,5.3
02/07/2015,5.3,5.3,6.15,5.3
03/07/2015,5.3,5.3,6.15,5.3
06/07/2015,5.3,5.3,6.15,5.3
07/07/2015,5.3,5.3,6.15,5.3
08/07/2015,5.3,5.46,6.15,5.3
09/07/2015,5.3,5.3,6.15,5.3
10/07/2015,5.3,5.3,6.15,5.3
13/07/2015,5.3,5.3,6.15,5.3
14/07/2015,5.31,5.31,6.15,5.3
15/07/2015,5.3,5.3,6.15,5.3
16/07/2015,5.31,5.31,6.15,5.3
17/07/2015,5.31,5.31,6.15,5.3
21/07/2015,5.31,5.31,6.15,5.3
22/07/2015,5.31,5.3,6.15,5.3
23/07/2015,5.31,5.3,6.15,5.3
24/07/2015,5.31,5.3,6.15,5.3
27/07/2015,5.3,5.3,6.15,5.3
28/07/2015,5.3,5.3,6.15,5.3
29/07/2015,5.3,5.3,6.15,5.3
30/07/2015,5.3,5.3,6.15,5.3
31/07/2015,5.3,5.3,6.15,5.3
03/08/2015,5.3,5.3,6.15,5.3
04/08/2015,5.3,5.3,6.15,5.3
05/08/2015,5.3,5.3,6.15,5.3
06/08/2015,5.35,5.35,6.15,5.3
07/08/2015,5.35,5.35,6.15,5.3
10/08/2015,5.35,5.35,6.15,5.3
11/08/2015,5.4,5.4,6.15,5.3
12/08/2015,5.4,5.4,6.15,5.3
13/08/2015,5.4,5.4,6.15,5.3
14/08/2015,5.4,5.4,6.15,5.3
17/08/2015,5.4,5.4,6.15,5.3
18/08/2015,5.4,5.4,6.15,5.3
19/08/2015,5.4,5.4,6.15,5.3
20/08/2015,5.4,5.4,6.15,5.3
21/08/2015,5.4,5.4,6.15,5.3
24/08/2015,5.4,5.4,6.15,5.3
25/08/2015,5.4,5.4,6.15,5.3
26/08/2015,5.4,5.4,6.15,5.3
27/08/2015,5.4,5.4,6.15,5.3
28/08/2015,5.4,5.4,6.15,5.3
31/08/2015,5.4,5.4,6.15,5.3
01/09/2015,5.4,5.4,6.15,5.3
02/09/2015,5.4,5.4,6.15,5.3
03/09/2015,5.4,5.4,6.15,5.3
04/09/2015,5.4,5.4,6.15,5.3
07/09/2015,5.4,5.4,6.15,5.3
08/09/2015,5.4,5.4,6.15,5.3
09/09/2015,5.4,5.4,6.15,5.3
10/09/2015,5.4,5.4,6.15,5.3
11/09/2015,5.4,5.4,6.15,5.3
14/09/2015,5.4,5.4,6.15,5.3
15/09/2015,5.4,5.4,6.15,5.3
16/09/2015,5.38,5.38,6.15,5.3
17/09/2015,5.38,5.38,6.15,5.3
18/09/2015,5.37,5.37,6.15,5.3
22/09/2015,5.37,5.37,6.15,5.3
23/09/2015,5.37,5.37,6.15,5.3
25/09/2015,5.37,5.37,6.15,5.3
28/09/2015,5.37,5.37,6.15,5.3
29/09/2015,5.37,5.37,6.15,5.3
30/09/2015,5.37,5.37,6.15,5.3
01/10/2015,5.37,5.37,6.15,5.3
02/10/2015,5.37,5.36,6.15,5.3
05/10/2015,5.36,5.36,6.15,5.3
06/10/2015,5.36,5.36,6.15,5.3
07/10/2015,5.36,5.36,6.15,5.3
08/10/2015,5.36,5.36,6.15,5.3
09/10/2015,5.36,5.36,6.15,5.3
12/10/2015,5.36,5.36,6.15,5.3
13/10/2015,5.36,5.36,6.15,5.3
14/10/2015,5.36,5.36,6.15,5.3
15/10/2015,5.36,5.36,6.15,5.3
16/10/2015,5.36,5.36,6.15,5.3
19/10/2015,5.36,5.36,6.15,5.3
20/10/2015,5.36,5.32,6.15,5.3
21/10/2015,5.32,5.32,6.15,5.3
22/10/2015,5.32,5.32,6.15,5.3
23/10/2015,5.32,5.32,6.15,5.3
26/10/2015,5.32,5.32,6.15,5.3
27/10/2015,5.32,5.32,6.15,5.3
28/10/2015,5.32,5.32,6.15,5.3
29/10/2015,5.32,5.3,6.15,5.3
30/10/2015,5.3,5.3,6.15,5.3
02/11/2015,5.3,5.3,6.15,5.3
03/11/2015,5.3,5.3,6.15,5.3
04/11/2015,5.3,5.3,6.15,5.3
05/11/2015,5.3,5.3,6.15,5.3
06/11/2015,5.3,5.3,6.15,5.3
09/11/2015,5.3,5.29,6.15,5.3
10/11/2015,5.29,5.29,6.15,5.29
11/11/2015,5.29,5.29,6.15,5.29
12/11/2015,5.29,5.29,6.15,5.29
13/11/2015,5.29,5.29,6.15,5.29
16/11/2015,5.29,5.29,6.15,5.29
17/11/2015,5.29,5.29,6.15,5.29
18/11/2015,5.29,5.29,6.15,5.29
19/11/2015,5.29,5.3,6.15,5.29
20/11/2015,5.3,5.3,6.15,5.29
23/11/2015,5.3,5.3,6.15,5.29
24/11/2015,5.3,5.3,6.15,5.29
25/11/2015,5.3,5.3,6.15,5.29
26/11/2015,5.3,5.3,6.15,5.29
27/11/2015,5.3,5.3,6.15,5.29
30/11/2015,5.3,5.3,6.15,5.29
01/12/2015,5.3,5.3,6.15,5.29
02/12/2015,5.3,5.3,6.15,5.29
03/12/2015,5.3,5.3,6.15,5.29
07/12/2015,5.1,5.1,6.15,5.1
08/12/2015,5.1,5.1,6.15,5.1
09/12/2015,5.1,5.1,6.15,5.1
10/12/2015,5.1,5.1,6.15,5.1
11/12/2015,5.1,5.1,6.15,5.1
14/12/2015,5.1,5.1,6.15,5.1
15/12/2015,5.1,5.1,6.15,5.1
16/12/2015,5.1,5.1,6.15,5.1
17/12/2015,5.1,5.1,6.15,5.1
18/12/2015,5.1,5.1,6.15,5.1
21/12/2015,5.1,5.1,6.15,5.1
22/12/2015,5.1,5.1,6.15,5.1
23/12/2015,5.1,5.1,6.15,5.1
24/12/2015,5.1,5.1,6.15,5.1
29/12/2015,5.1,5.1,6.15,5.1
30/12/2015,5.1,5.1,6.15,5.1
31/12/2015,5.1,5.1,6.15,5.1
04/01/2016,5.1,5.1,5.1,5.1
05/01/2016,5.1,5.11,5.11,5.1
06/01/2016,5.11,5.11,5.11,5.1
07/01/2016,5.11,5.11,5.11,5.1
08/01/2016,5.11,5.11,5.11,5.1
11/01/2016,5.11,5.11,5.11,5.1
12/01/2016,5.11,5.11,5.11,5.1
13/01/2016,5.11,5.12,5.12,5.1
14/01/2016,5.12,5.12,5.12,5.1
15/01/2016,5.12,5.12,5.12,5.1
18/01/2016,5.12,5.12,5.12,5.1
19/01/2016,5.12,5.12,5.12,5.1
20/01/2016,5.12,5.12,5.12,5.1
21/01/2016,5.12,5.15,5.15,5.1
22/01/2016,5.15,5.15,5.15,5.1
25/01/2016,5.15,5.15,5.15,5.1
26/01/2016,5.15,5.15,5.15,5.1
27/01/2016,5.15,5.15,5.15,5.1
28/01/2016,5.15,5.15,5.15,5.1
29/01/2016,5.15,5.15,5.15,5.1
01/02/2016,5.15,5.15,5.15,5.1
02/02/2016,5.15,5.15,5.15,5.1
03/02/2016,5.15,5.15,5.15,5.1
04/02/2016,5.15,5.15,5.15,5.1
05/02/2016,5.15,5.15,5.15,5.1
08/02/2016,5.15,5.15,5.15,5.1
09/02/2016,5.15,5.15,5.15,5.1
10/02/2016,5.15,5.15,5.15,5.1
11/02/2016,5.15,5.15,5.15,5.1
12/02/2016,5.15,5.15,5.15,5.1
15/02/2016,5.15,5.15,5.15,5.1
16/02/2016,5.15,5.15,5.15,5.1
17/02/2016,5.15,5.15,5.15,5.1
18/02/2016,5.15,5.15,5.15,5.1
19/02/2016,5.15,5.15,5.15,5.1
22/02/2016,5.15,5.15,5.15,5.1
23/02/2016,5.15,5.15,5.15,5.1
24/02/2016,5.15,5.14,5.15,5.1
25/02/2016,5.14,5.13,5.15,5.1
26/02/2016,5.13,5.12,5.15,5.1
29/02/2016,5.12,5.12,5.15,5.1
01/03/2016,5.12,5.12,5.15,5.1
02/03/2016,5.12,5.12,5.15,5.1
03/03/2016,5.12,5.12,5.15,5.1
04/03/2016,5.12,5.12,5.15,5.1
08/03/2016,5.12,5.12,5.15,5.1
09/03/2016,5.12,5.12,5.15,5.1
10/03/2016,5.12,5.12,5.15,5.1
11/03/2016,5.12,5.11,5.15,5.1
14/03/2016,5.11,5.11,5.15,5.1
15/03/2016,5.11,5.11,5.15,5.1
16/03/2016,5.11,5.11,5.15,5.1
17/03/2016,5.11,5.11,5.15,5.1
18/03/2016,5.11,5.1,5.15,5.1
21/03/2016,5.1,5.1,5.15,5.1
22/03/2016,5.1,5.1,5.15,5.1
23/03/2016,5.1,5.1,5.15,5.1
24/03/2016,5.1,5.1,5.15,5.1
29/03/2016,5.1,5.1,5.15,5.1
30/03/2016,5.1,5.1,5.15,5.1
31/03/2016,5.1,5.1,5.15,5.1
01/04/2016,5.1,5.1,5.15,5.1
04/04/2016,5.1,5.1,5.15,5.1
05/04/2016,5.1,5.1,5.15,5.1
06/04/2016,5.1,5.1,5.15,5.1
07/04/2016,5.1,5.1,5.15,5.1
08/04/2016,5.1,5.08,5.15,5.08
11/04/2016,5.08,5.08,5.15,5.08
12/04/2016,5.08,5.08,5.15,5.08
13/04/2016,5.08,5.08,5.15,5.08
14/04/2016,5.08,5.08,5.15,5.08
15/04/2016,5.08,5.08,5.15,5.08
18/04/2016,5.08,5.08,5.15,5.08
19/04/2016,5.08,5.08,5.15,5.08
20/04/2016,5.08,5.08,5.15,5.08
21/04/2016,5.08,5.08,5.15,5.08
22/04/2016,5.08,5,5.15,5
25/04/2016,5,5,5.15,5
26/04/2016,5,5,5.15,5
27/04/2016,5,4.9,5.15,4.9
28/04/2016,4.9,4.9,5.15,4.9
29/04/2016,4.9,4.9,5.15,4.9
03/05/2016,4.9,4.9,5.15,4.9
04/05/2016,4.9,4.9,5.15,4.9
05/05/2016,4.9,4.9,5.15,4.9
06/05/2016,4.9,4.3,5.15,4.3
09/05/2016,4.3,4.29,5.15,4.29
10/05/2016,4.3,4.29,5.15,4.29
11/05/2016,4.29,4.29,5.15,4.29
12/05/2016,4.29,4.29,5.15,4.29
13/05/2016,4.29,4.29,5.15,4.29
16/05/2016,4.29,4.29,5.15,4.29
17/05/2016,4.29,4.29,5.15,4.29
18/05/2016,4.29,4.29,5.15,4.29
19/05/2016,4.29,4.29,5.15,4.29
20/05/2016,4.29,4.29,5.15,4.29
23/05/2016,4.29,4.09,5.15,4.09
24/05/2016,4.29,4.09,5.15,4.09
26/05/2016,4.29,4.08,5.15,4.08
27/05/2016,4.29,4.08,5.15,4.08
30/05/2016,4.29,4.08,5.15,4.08
31/05/2016,4.29,4.08,5.15,4.08
01/06/2016,4.29,4,5.15,4
02/06/2016,4.29,4,5.15,4
03/06/2016,4.29,4,5.15,4
06/06/2016,4,4,5.15,4
07/06/2016,4,4,5.15,4
08/06/2016,4,4,5.15,4
09/06/2016,4,4,5.15,4
10/06/2016,4,4,5.15,4
13/06/2016,4,4,5.15,4
14/06/2016,4,4,5.15,4
15/06/2016,4,4,5.15,4
16/06/2016,4,4,5.15,4
17/06/2016,4,4,5.15,4
20/06/2016,4,4,5.15,4
21/06/2016,4,3.99,5.15,3.99
22/06/2016,3.99,3.99,5.15,3.99
23/06/2016,3.99,3.99,5.15,3.99
24/06/2016,3.99,3.99,5.15,3.99
27/06/2016,3.99,3.99,5.15,3.99
28/06/2016,3.99,3.99,5.15,3.99
29/06/2016,3.99,3.99,5.15,3.99
30/06/2016,3.99,3.99,5.15,3.99
04/07/2016,3.99,3.99,5.15,3.99
05/07/2016,3.99,3.97,5.15,3.97
07/07/2016,3.97,3.97,5.15,3.97
08/07/2016,3.97,3.96,5.15,3.96
11/07/2016,3.96,3.95,5.15,3.95
12/07/2016,3.96,3.95,5.15,3.95
13/07/2016,3.95,3.95,5.15,3.95
14/07/2016,3.95,3.95,5.15,3.95
15/07/2016,3.95,3.95,5.15,3.95
18/07/2016,3.95,3.95,5.15,3.95
19/07/2016,3.95,3.93,5.15,3.93
20/07/2016,3.93,3.9,5.15,3.9
21/07/2016,3.9,3.89,5.15,3.89
22/07/2016,3.89,3.89,5.15,3.89
25/07/2016,3.89,3.89,5.15,3.89
26/07/2016,3.89,3.89,5.15,3.89
27/07/2016,3.89,3.89,5.15,3.89
28/07/2016,3.89,3.89,5.15,3.89
29/07/2016,3.89,3.89,5.15,3.89
01/08/2016,3.89,3.4,5.15,3.4
02/08/2016,3.4,3.39,5.15,3.39
03/08/2016,3.39,3.39,5.15,3.39
04/08/2016,3.39,3.39,5.15,3.39
05/08/2016,3.39,3.39,5.15,3.39
08/08/2016,3.39,3.39,5.15,3.39
09/08/2016,3.39,3.39,5.15,3.39
10/08/2016,3.39,3.39,5.15,3.39
11/08/2016,3.39,3.39,5.15,3.39
12/08/2016,3.39,3.3,5.15,3.39
15/08/2016,3.3,3.28,5.15,3.28
16/08/2016,3.28,3.19,5.15,3.19
17/08/2016,3.19,3.19,5.15,3.19
18/08/2016,3.19,3,5.15,3
19/08/2016,3,3,5.15,3
22/08/2016,3,3,5.15,3
23/08/2016,3,3,5.15,3
24/08/2016,3,3,5.15,3
25/08/2016,3,2.9,5.15,2.9
26/08/2016,2.9,2.9,5.15,2.9
29/08/2016,2.9,2.9,5.15,2.9
30/08/2016,2.9,2.9,5.15,2.9
31/08/2016,2.9,2.9,5.15,2.9
01/09/2016,2.9,2.9,5.15,2.9
02/09/2016,2.9,2.9,5.15,2.9
05/09/2016,2.9,2.9,5.15,2.9
06/09/2016,2.9,2.5,5.15,2.5
07/09/2016,2.9,2.5,5.15,2.5
08/09/2016,2.5,2.5,5.15,2.5
09/09/2016,2.5,2.5,5.15,2.5
13/09/2016,2.5,2.5,5.15,2.5
14/09/2016,2.5,2.5,5.15,2.5
15/09/2016,2.5,2.5,5.15,2.5
16/09/2016,2.5,2.5,5.15,2.5
19/09/2016,2.5,2.5,5.15,2.5
20/09/2016,2.5,2.5,5.15,2.5
22/09/2016,2.5,2.5,5.15,2.5
23/09/2016,2.5,2.5,5.15,2.5
26/09/2016,2.5,2.4,5.15,2.4
27/09/2016,2.4,2.4,5.15,2.4
28/09/2016,2.4,2.4,5.15,2.4
29/09/2016,2.4,2.4,5.15,2.4
30/09/2016,2.4,2.4,5.15,2.4
03/10/2016,2.4,2.4,5.15,2.4
04/10/2016,2.4,2.33,5.15,2.3
30/09/2016,2.4,2.4,5.15,2.4
05/10/2016,2.33,2.3,5.15,2.3
06/10/2016,2.3,2.3,5.15,2.3
07/10/2016,2.3,2.3,5.15,2.3
10/10/2016,2.3,2.3,5.15,2.3
11/10/2016,2.3,2.3,5.15,2.3
12/10/2016,2.3,2.3,5.15,2.3
13/10/2016,2.3,2.29,5.15,2.3
14/10/2016,2.29,2.29,5.15,2.3
17/10/2016,2.29,2.29,5.15,2.3
18/10/2016,2.29,2.23,5.15,2.2
19/10/2016,2.23,2.2,5.15,2.2
20/10/2016,2.2,2.2,5.15,2.2
21/10/2016,2.2,2.2,5.15,2.2
24/10/2016,2.2,2.2,5.15,2.2
25/10/2016,2.2,2.1,5.15,2.1
26/10/2016,2.1,2.1,5.15,2.1
27/10/2016,2.1,2.09,5.15,2.09
28/10/2016,2.09,2.04,5.15,2
31/10/2016,2.04,2,5.15,2
01/11/2016,2,2,5.15,2
02/11/2016,2,2,5.15,2
03/11/2016,2,2,5.15,2
04/11/2016,2,2,5.15,2
07/11/2016,2,2,5.15,2
08/11/2016,2,2,5.15,2
09/11/2016,2,2,5.15,2
10/11/2016,2,2,5.15,2
11/11/2016,2,2,5.15,2
14/11/2016,2,2,5.15,2
15/11/2016,2,2,5.15,2
16/11/2016,2,2,5.15,2
17/11/2016,2,2,5.15,2
18/11/2016,2,2,5.15,2
21/11/2016,2,2,5.15,2
22/11/2016,2,2,5.15,2
23/11/2016,2,2,5.15,2
24/11/2016,2,2,5.15,2
25/11/2016,2,2,5.15,2
28/11/2016,2,2,5.15,2
29/11/2016,2,2,5.15,2
30/11/2016,2,2,5.15,2
01/12/2016,2,1.99,5.15,1.99
05/12/2016,1.99,1.99,5.15,1.99
06/12/2016,1.99,1.99,5.15,1.99
07/12/2016,1.99,1.99,5.15,1.99
08/12/2016,1.99,2,5.15,1.99
09/12/2016,2,1.99,5.15,1.99
12/12/2016,1.99,1.99,5.15,1.99
13/12/2016,1.99,1.99,5.15,1.99
14/12/2016,1.99,1.98,5.15,1.98
15/12/2016,1.98,1.98,5.15,1.98
16/12/2016,1.98,1.97,5.15,1.97
19/12/2016,1.97,1.98,5.15,1.97
20/12/2016,1.98,1.97,5.15,1.97
21/12/2016,1.97,1.97,5.15,1.97
22/12/2016,1.97,1.97,5.15,1.96
23/12/2016,1.97,1.97,5.15,1.96
28/12/2016,1.97,1.97,5.15,1.96
29/12/2016,1.97,1.98,5.15,1.96
30/12/2016,1.98,1.98,5.15,1.96
03/01/2017,1.98,2,2,2
04/01/2017,2,2,2,2
05/01/2017,2,2,2,2
06/01/2017,2,2.02,2.02,2
09/01/2017,2.02,2.02,2.02,2
10/01/2017,2.02,2.02,2.02,2
11/01/2017,2.02,2.04,2.02,2
12/01/2017,2.04,2.04,2.02,2
13/01/2017,2.04,2.04,2.02,2
16/01/2017,2.04,2.1,2.1,2
17/01/2017,2.1,2.1,2.1,2
18/01/2017,2.1,2.08,2.1,2
19/01/2017,2.1,2.08,2.1,2
20/01/2017,2.08,2.1,2.1,2
23/01/2017,2.1,2.12,2.12,2
24/01/2017,2.12,2.15,2.15,2
25/01/2017,2.15,2.15,2.15,2
26/01/2017,2.15,2.15,2.15,2
27/01/2017,2.15,2.15,2.15,2
30/01/2017,2.15,2.15,2.15,2
31/01/2017,2.15,2.17,2.17,2
01/02/2017,2.17,2.17,2.17,2
02/02/2017,2.17,2.18,2.18,2
03/02/2017,2.18,2.2,2.2,2
06/02/2017,2.2,2.22,2.22,2
07/02/2017,2.22,2.24,2.24,2
08/02/2017,2.24,2.3,2.31,2
09/02/2017,2.3,2.35,2.35,2
10/02/2017,2.35,2.34,2.35,2
13/02/2017,2.35,2.34,2.35,2
14/02/2017,2.35,2.34,2.35,2
15/02/2017,2.34,2.34,2.35,2
16/02/2017,2.34,2.34,2.35,2
17/02/2017,2.34,2.33,2.35,2
20/02/2017,2.33,2.3,2.35,2
21/02/2017,2.3,2.3,2.35,2
22/02/2017,2.3,2.29,2.35,2
23/02/2017,2.3,2.29,2.35,2
24/02/2017,2.3,2.29,2.35,2
27/02/2017,2.29,2.29,2.35,2
28/02/2017,2.29,2.33,2.35,2
01/03/2017,2.29,2.32,2.35,2
02/03/2017,2.29,2.32,2.35,2
03/03/2017,2.32,2.3,2.35,2
07/03/2017,2.3,2.29,2.35,2
08/03/2017,2.29,2.29,2.35,2
09/03/2017,2.29,2.29,2.35,2
10/03/2017,2.29,2.2,2.35,2
13/03/2017,2.2,2.2,2.35,2
14/03/2017,2.2,2.2,2.35,2
15/03/2017,2.2,2.19,2.35,2
16/03/2017,2.19,2.19,2.35,2
17/03/2017,2.19,2.18,2.35,2
20/03/2017,2.18,2.18,2.35,2
21/03/2017,2.18,2.18,2.35,2
22/03/2017,2.18,2.18,2.35,2
23/03/2017,2.18,2.18,2.35,2
24/03/2017,2.18,2.2,2.35,2
27/03/2017,2.2,2.2,2.35,2
28/03/2017,2.2,2.2,2.35,2
29/03/2017,2.2,2.2,2.35,2
30/03/2017,2.2,2.2,2.35,2
31/03/2017,2.2,2.2,2.35,2
03/04/2017,2.2,2.2,2.35,2
04/04/2017,2.2,2.21,2.35,2
05/04/2017,2.21,2.2,2.35,2
06/04/2017,2.2,2.22,2.35,2
07/04/2017,2.22,2.22,2.35,2
10/04/2017,2.22,2.22,2.35,2
11/04/2017,2.22,2.22,2.35,2
12/04/2017,2.22,2.22,2.35,2
13/04/2017,2.22,2.24,2.4,2
18/04/2017,2.24,2.24,2.4,2
19/04/2017,2.24,2.24,2.4,2
20/04/2017,2.24,2.22,2.4,2
21/04/2017,2.22,2.22,2.4,2
24/04/2017,2.22,2.22,2.4,2
25/04/2017,2.22,2.22,2.4,2
26/04/2017,2.22,2.22,2.4,2
27/04/2017,2.22,2.22,2.4,2
28/04/2017,2.22,2.22,2.4,2
02/05/2017,2.22,2.22,2.4,2
03/05/2017,2.22,2.22,2.4,2
04/05/2017,2.22,2.22,2.4,2
05/05/2017,2.22,2.22,2.4,2
08/05/2017,2.22,2.22,2.4,2
09/05/2017,2.22,2.22,2.4,2
10/05/2017,2.22,2.22,2.4,2
11/05/2017,2.22,2.22,2.4,2
12/05/2017,2.22,2.22,2.4,2
15/05/2017,2.22,2.22,2.4,2
16/05/2017,2.22,2.22,2.4,2
17/05/2017,2.22,2.22,2.4,2
18/05/2017,2.22,2.22,2.4,2
19/05/2017,2.22,2.22,2.4,2
22/05/2017,2.22,2.22,2.4,2
23/05/2017,2.22,2.22,2.4,2
24/05/2017,2.22,2.22,2.4,2
26/05/2017,2.22,2.22,2.4,2
29/05/2017,2.22,2.22,2.4,2
30/05/2017,2.22,2.22,2.4,2
31/05/2017,2.22,2.22,2.4,2
01/06/2017,2.22,2.22,2.4,2
02/06/2017,2.22,2.22,2.4,2
05/06/2017,2.22,2.2,2.4,2
06/06/2017,2.2,2.2,2.4,2
07/06/2017,2.2,2.22,2.4,2
08/06/2017,2.2,2.22,2.4,2
09/06/2017,2.22,2.22,2.4,2
12/06/2017,2.22,2.22,2.4,2
13/06/2017,2.22,2.2,2.4,2
14/06/2017,2.2,2.22,2.4,2
15/06/2017,2.2,2.22,2.4,2
16/06/2017,2.22,2.22,2.4,2
19/06/2017,2.22,2.22,2.4,2
20/06/2017,2.22,2.22,2.4,2
21/06/2017,2.22,2.22,2.4,2
22/06/2017,2.22,2.22,2.4,2
23/06/2017,2.22,2.22,2.4,2
27/06/2017,2.22,2.22,2.4,2
28/06/2017,2.22,2.22,2.4,2
29/06/2017,2.22,2.22,2.4,2
30/06/2017,2.22,2.22,2.4,2
04/07/2017,2.22,2.23,2.4,2
05/07/2017,2.23,2.23,2.4,2
06/07/2017,2.23,2.22,2.4,2
07/07/2017,2.22,2.22,2.4,2
10/07/2017,2.22,2.22,2.4,2
11/07/2017,2.22,2.22,2.4,2
12/07/2017,2.22,2.22,2.4,2
13/07/2017,2.22,2.22,2.4,2
14/07/2017,2.22,2.22,2.4,2
17/07/2017,2.22,2.22,2.4,2
18/07/2017,2.22,2.22,2.4,2
19/07/2017,2.22,2.22,2.4,2
20/07/2017,2.22,2.22,2.4,2
21/07/2017,2.22,2.22,2.4,2
24/07/2017,2.22,2.22,2.4,2
25/07/2017,2.22,2.22,2.4,2
26/07/2017,2.22,2.22,2.4,2
27/07/2017,2.22,2.22,2.4,2
28/07/2017,2.22,2.22,2.4,2
31/07/2017,2.22,2.22,2.4,2
01/08/2017,2.22,2.22,2.4,2
02/08/2017,2.22,2.22,2.4,2
03/08/2017,2.22,2.22,2.4,2
04/08/2017,2.22,2.22,2.4,2
07/08/2017,2.22,2.22,2.4,2
08/08/2017,2.22,2.22,2.4,2
09/08/2017,2.22,2.22,2.4,2
10/08/2017,2.22,2.22,2.4,2
11/08/2017,2.22,2.22,2.4,2
14/08/2017,2.22,2.22,2.4,2
15/08/2017,2.22,2.22,2.4,2
16/08/2017,2.22,2.22,2.4,2
17/08/2017,2.22,2.22,2.4,2
18/08/2017,2.22,2.22,2.4,2
21/08/2017,2.22,2.22,2.4,2
22/08/2017,2.22,2.22,2.4,2
23/08/2017,2.22,2.23,2.4,2
24/08/2017,2.23,2.23,2.4,2
25/08/2017,2.23,2.25,2.4,2
28/08/2017,2.25,2.3,2.4,2
29/08/2017,2.3,2.3,2.4,2
30/08/2017,2.3,2.3,2.4,2
31/08/2017,2.3,2.3,2.4,2
04/09/2017,2.3,2.3,2.4,2
05/09/2017,2.3,2.3,2.4,2
06/09/2017,2.3,2.3,2.4,2
07/09/2017,2.3,2.3,2.4,2
08/09/2017,2.3,2.3,2.4,2
11/09/2017,2.3,2.3,2.4,2
12/09/2017,2.3,2.3,2.4,2
13/09/2017,2.3,2.3,2.4,2
14/09/2017,2.3,2.3,2.4,2
15/09/2017,2.3,2.3,2.4,2
18/09/2017,2.3,2.28,2.4,2
19/09/2017,2.28,2.29,2.4,2
20/09/2017,2.29,2.29,2.4,2
22/09/2017,2.29,2.29,2.4,2
25/09/2017,2.29,2.29,2.4,2
26/09/2017,2.29,2.29,2.4,2
27/09/2017,2.29,2.26,2.4,2
28/09/2017,2.29,2.26,2.4,2
29/09/2017,2.26,2.26,2.4,2
02/10/2017,2.26,2.26,2.4,2
03/10/2017,2.26,2.26,2.4,2
04/10/2017,2.26,2.26,2.4,2
05/10/2017,2.26,2.26,2.4,2
06/10/2017,2.26,2.26,2.4,2
09/10/2017,2.26,2.26,2.4,2
10/10/2017,2.26,2.27,2.4,2
11/10/2017,2.27,2.32,2.4,2
12/10/2017,2.32,2.32,2.4,2
13/10/2017,2.32,2.32,2.4,2
16/10/2017,2.32,2.32,2.4,2
17/10/2017,2.32,2.61,2.67,2
18/10/2017,2.61,2.66,2.67,2
19/10/2017,2.66,2.69,2.7,2
20/10/2017,2.69,2.75,2.75,2
23/10/2017,2.75,2.75,2.75,2
24/10/2017,2.75,2.99,3.01,2
25/10/2017,2.99,3.17,3.4,2
26/10/2017,3.17,3.2,3.4,2
27/10/2017,3.2,3.2,3.4,2
30/10/2017,3.2,3.53,3.65,2
31/10/2017,3.53,3.65,3.65,2
01/11/2017,3.65,3.65,3.65,2
02/11/2017,3.65,3.65,3.65,2
03/11/2017,3.65,3.5,3.65,2
06/11/2017,3.5,3.5,3.65,2
07/11/2017,3.5,3.5,3.65,2
08/11/2017,3.5,3.5,3.65,2
09/11/2017,3.5,3.5,3.65,2
10/11/2017,3.5,3.5,3.65,2
13/11/2017,3.5,3.5,3.65,2
14/11/2017,3.5,3.5,3.65,2
15/11/2017,3.5,3.5,3.65,2
16/11/2017,3.5,3.5,3.65,2
17/11/2017,3.5,3.5,3.65,2
20/11/2017,3.5,3.5,3.65,2
21/11/2017,3.5,3.5,3.65,2
22/11/2017,3.5,3.5,3.65,2
23/11/2017,3.5,3.5,3.65,2
24/11/2017,3.5,3.5,3.65,2
27/11/2017,3.5,3.5,3.65,2
28/11/2017,3.5,3.5,3.65,2
29/11/2017,3.5,3.5,3.65,2
30/11/2017,3.5,3.5,3.65,2
04/12/2017,3.5,3.5,3.65,2
05/12/2017,3.5,3.5,3.65,2
06/12/2017,3.5,3.5,3.65,2
07/12/2017,3.5,3.52,3.65,2
08/12/2017,3.52,3.54,3.65,2
11/12/2017,3.54,3.54,3.65,2
12/12/2017,3.54,3.5,3.65,2
13/12/2017,3.5,3.5,3.65,2
14/12/2017,3.5,3.5,3.65,2
15/12/2017,3.5,3.5,3.65,2
18/12/2017,3.5,3.5,3.65,2
19/12/2017,3.5,3.5,3.65,2
20/12/2017,3.5,3.5,3.65,2
21/12/2017,3.5,3.5,3.65,2
21/12/2017,3.5,3.5,3.65,2
27/12/2017,3.5,3.5,3.65,2
28/12/2017,3.5,3.53,3.65,2
29/12/2017,3.5,3.53,3.65,2
02/01/2018,3.53,3.53,3.53,3.53
03/01/2018,3.53,3.62,3.62,3.53
04/01/2018,3.62,3.66,3.66,3.53
05/01/2018,3.62,4.02,4.03,3.53
08/01/2018,4.02,4.02,4.03,3.53
09/01/2018,4.02,4.03,4.04,3.53
10/01/2018,4.03,4.1,4.2,3.53
11/01/2018,4.1,4.13,4.2,3.53
12/01/2018,4.13,4.21,4.21,3.53
15/01/2018,4.21,4.8,4.84,3.53
16/01/2018,4.8,4.81,4.84,3.53
17/01/2018,4.81,4.85,4.86,3.53
18/01/2018,4.81,5,5,3.53
19/01/2018,4.81,5.05,5.05,3.53
22/01/2018,4.81,5.06,5.06,3.53
23/01/2018,5.06,5.12,5.12,3.53
24/01/2018,5.06,5.12,5.12,3.53
25/01/2018,5.12,5.15,5.15,3.53
26/01/2018,5.15,5.15,5.15,3.53
29/01/2018,5.15,5.15,5.15,3.53
30/01/2018,5.15,5.15,5.15,3.53
31/01/2018,5.15,5.14,5.15,3.53
01/02/2018,5.14,5.14,5.15,3.53
02/02/2018,5.14,5.14,5.15,3.53
05/02/2018,5.14,5.14,5.15,3.53
06/02/2018,5.14,5.14,5.15,3.53
07/02/2018,5.14,5.1,5.15,3.53
08/02/2018,5.1,5.1,5.15,3.53
09/02/2018,5.1,5.09,5.15,3.53
12/02/2018,5.09,5.09,5.15,3.53
13/02/2018,5.09,5.09,5.15,3.53
14/02/2018,5.09,5.05,5.15,3.53
15/02/2018,5.05,5.03,5.15,3.53
16/02/2018,5.03,5.03,5.15,3.53
19/02/2018,5.03,5.02,5.15,3.53
20/02/2018,5.02,5.02,5.15,3.53
21/02/2018,5.02,5.02,5.15,3.53
22/02/2018,5.02,5.02,5.15,3.53
23/02/2018,5.02,5,5.15,3.53
26/02/2018,5,5,5.15,3.53
27/02/2018,5,4.98,5.15,3.53
28/02/2018,4.98,4.98,5.15,3.53
01/03/2018,4.98,4.98,5.15,3.53
02/03/2018,4.98,4.97,5.15,3.53
05/03/2018,4.97,4.97,5.15,3.53
07/03/2018,4.97,4.97,5.15,3.53
08/03/2018,4.97,4.97,5.15,3.53
09/03/2018,4.97,4.97,5.15,3.53
12/03/2018,4.97,4.97,5.15,3.53
13/03/2018,4.97,4.96,5.15,3.53
14/03/2018,4.96,4.95,5.15,3.53
15/03/2018,4.95,4.95,5.15,3.53
16/03/2018,4.95,4.95,5.15,3.53
19/03/2018,4.95,4.95,5.15,3.53
20/03/2018,4.95,4.97,5.15,3.53
21/03/2018,4.97,5.17,5.2,3.53
22/03/2018,5.17,5.19,5.2,3.53
23/03/2018,5.19,5.2,5.2,3.53
26/03/2018,5.2,5.21,5.21,3.53
27/03/2018,5.21,5.21,5.21,3.53
28/03/2018,5.21,5.21,5.21,3.53
29/03/2018,5.21,5.21,5.21,3.53
03/04/2018,5.21,5.22,5.22,3.53
04/04/2018,5.22,5.25,5.25,3.53
05/04/2018,5.25,5.25,5.25,3.53
06/04/2018,5.25,5.25,5.25,3.53
09/04/2018,5.25,5.25,5.25,3.53
10/04/2018,5.25,5.25,5.25,3.53
11/04/2018,5.25,5.25,5.25,3.53
12/04/2018,5.25,5.25,5.25,3.53
13/04/2018,5.25,5.25,5.25,3.53
16/04/2018,5.25,5.3,5.3,3.53
17/04/2018,5.3,5.3,5.3,3.53
18/04/2018,5.3,5.35,5.35,3.53
19/04/2018,5.35,5.38,5.38,3.53
20/04/2018,5.38,5.38,5.38,3.53
23/04/2018,5.38,6,6,3.53
24/04/2018,6,6,6,3.53
25/04/2018,6,6,6,3.53
26/04/2018,6,6,6,3.53
27/04/2018,6,6,6,3.53
30/04/2018,6,6,6,3.53
02/05/2018,6,6,6,3.53
03/05/2018,6,6,6,3.53
04/05/2018,6,6,6,3.53
07/05/2018,6,6,6,3.53
08/05/2018,6,6,6,3.53
09/05/2018,6,6,6,3.53
10/05/2018,6,5.9,6,3.53
11/05/2018,5.9,5.9,6,3.53
14/05/2018,5.9,5.9,6,3.53
15/05/2018,5.9,5.9,6,3.53
16/05/2018,5.9,5.9,6,3.53
17/05/2018,5.9,5.9,6,3.53
18/05/2018,5.9,5.9,6,3.53
21/05/2018,5.9,5.9,6,3.53
22/05/2018,5.9,5.9,6,3.53
23/05/2018,5.9,5.9,6,3.53
24/05/2018,5.9,5.9,6,3.53
28/05/2018,5.9,5.9,6,3.53
29/05/2018,5.9,5.9,6,3.53
30/05/2018,5.9,5.9,6,3.53
31/05/2018,5.9,5.1,6,3.53
01/06/2018,5.1,5.1,6,3.53
04/06/2018,5.1,5,6,5
05/06/2018,5,4.5,6,4.5
06/06/2018,4.5,4.49,6,4.49
07/06/2018,4.49,4.49,6,4.49
08/06/2018,4.49,4.49,6,4.49
11/06/2018,4.49,4.27,6,4
12/06/2018,4.27,4.05,6,4
13/06/2018,4.05,4.05,6,4
14/06/2018,4.05,4.05,6,4
18/06/2018,4.05,4.05,6,4
19/06/2018,4.05,4.05,6,4
20/06/2018,4.05,4.05,6,4
21/06/2018,4.05,4,6,4
22/06/2018,4,4,6,4
25/06/2018,4,4,6,4
26/06/2018,4,4,6,4
27/06/2018,4,4.05,6,4
28/06/2018,4.05,4.05,6,4
29/06/2018,4.05,4.05,6,4
03/07/2018,4.05,4.05,6,4
04/07/2018,4.05,4.05,6,4
05/07/2018,4.05,4.05,6,4
06/07/2018,4.05,4.05,6,4
09/07/2018,4.05,4.05,6,4
10/07/2018,4.05,4.05,6,4
11/07/2018,4.05,4.05,6,4
12/07/2018,4.05,4.05,6,4
13/07/2018,4.05,4.05,6,4
16/07/2018,4.05,4.05,6,4
17/07/2018,4.05,4,6,4
18/07/2018,4,4,6,4
19/07/2018,4,4,6,4
20/07/2018,4,4,6,4
23/07/2018,4,4,6,4
24/07/2018,4,4,6,4
25/07/2018,4,4,6,4
26/07/2018,4,4,6,4
27/07/2018,4,4.1,6,4
30/07/2018,4.1,4.1,6,4
31/07/2018,4.1,4.15,6,4
01/08/2018,4.15,4.15,6,4
02/08/2018,4.15,4.15,6,4
03/08/2018,4.15,4.16,6,4
06/08/2018,4.16,4.16,6,4
07/08/2018,4.16,4.21,6,4
08/08/2018,4.21,4.27,6,4
09/08/2018,4.27,4.31,6,4
10/08/2018,4.31,4.31,6,4
13/08/2018,4.31,4.31,6,4
14/08/2018,4.31,4.31,6,4
15/08/2018,4.31,4.31,6,4
16/08/2018,4.31,4.31,6,4
17/08/2018,4.31,4.31,6,4
20/08/2018,4.31,4.31,6,4
22/08/2018,4.35,4.4,6,4
23/08/2018,4.4,4.51,6,4
24/08/2018,4.51,4.51,6,4
27/08/2018,4.51,4.6,6,4
28/08/2018,4.6,4.6,6,4
29/08/2018,4.6,4.6,6,4
30/08/2018,4.6,4.6,6,4
31/08/2018,4.6,4.63,6,4
03/09/2018,4.63,4.63,6,4
04/09/2018,4.63,4.63,6,4
05/09/2018,4.63,4.66,6,4
06/09/2018,4.66,4.7,6,4
07/09/2018,4.7,4.7,6,4
10/09/2018,4.7,4.7,6,4
11/09/2018,4.7,4.7,6,4
12/09/2018,4.7,4.7,6,4
13/09/2018,4.7,4.7,6,4
14/09/2018,4.7,4.7,6,4
17/09/2018,4.7,4.8,6,4
18/09/2018,4.8,4.8,6,4
19/09/2018,4.8,4.8,6,4
20/09/2018,4.8,4.8,6,4
24/09/2018,4.8,5.5,6,4
25/09/2018,5.5,5.5,6,4
26/09/2018,5.5,5.5,6,4
27/09/2018,5.5,5.5,6,4
28/09/2018,5.5,5.5,6,4
01/10/2018,5.5,5.5,6,4
02/10/2018,5.5,5.5,6,4
03/10/2018,5.5,5.5,6,4
04/10/2018,5.5,4.82,6,4
05/10/2018,4.82,4.81,6,4
08/10/2018,4.81,4.81,6,4
09/10/2018,4.81,4.81,6,4
10/10/2018,4.81,4.81,6,4
11/10/2018,4.81,4.81,6,4
12/10/2018,4.81,4.81,6,4
15/10/2018,4.81,4.81,6,4
16/10/2018,4.81,4.81,6,4
17/10/2018,4.81,4.81,6,4
18/10/2018,4.81,4.1,6,4
19/10/2018,4.1,4.1,6,4
22/10/2018,4.1,4.1,6,4
23/10/2018,4.1,4.1,6,4
24/10/2018,4.1,4.1,6,4
24/10/2018,4.1,4.26,6,4
26/10/2018,4.26,4.26,6,4
29/10/2018,4.26,4.26,6,4
30/10/2018,4.26,4.26,6,4
31/10/2018,4.26,4.08,6,4
01/11/2018,4.08,4.08,6,4
02/11/2018,4.08,4.08,6,4
05/11/2018,4.08,4.08,6,4
06/11/2018,4.08,4.08,6,4
07/11/2018,4.08,4.08,6,4
08/11/2018,4.08,4.08,6,4
09/11/2018,4.08,4.1,6,4
12/11/2018,4.1,4.1,6,4
13/11/2018,4.1,4.1,6,4
14/11/2018,4.1,4.1,6,4
15/11/2018,4.1,4.12,6,4
16/11/2018,4.12,4.09,6,4
19/11/2018,4.09,4.05,6,4
20/11/2018,4.05,4.05,6,4
21/11/2018,4.05,4.05,6,4
22/11/2018,4.05,4.05,6,4
23/11/2018,4.05,4.05,6,4
26/11/2018,4.05,4.05,6,4
27/11/2018,4.05,4.05,6,4
28/11/2018,4.05,4.05,6,4
29/11/2018,4.05,4.05,6,4
30/11/2018,4.05,4.05,6,4
03/12/2018,4.05,4.05,6,4
04/12/2018,4.05,4.05,6,4
05/12/2018,4.05,4.05,6,4
06/12/2018,4.05,4,6,4
10/12/2018,4,4,6,4
11/12/2018,4,4,6,4
12/12/2018,4,4,6,4
13/12/2018,4,3.99,6,3.99
14/12/2018,3.99,3.99,6,3.99
17/12/2018,3.99,3.99,6,3.99
18/12/2018,3.99,3.4,6,3.4
19/12/2018,3.4,3.4,6,3.4
20/12/2018,3.4,3.4,6,3.4
21/12/2018,3.4,3.4,6,3.4
24/12/2018,3.4,3.4,6,3.4
27/12/2018,3.4,3.4,6,3.4
28/12/2018,3.4,3.4,6,3.4
31/12/2018,3.4,3.4,6,3.4
02/01/2019,3.4,3.4,3.4,3.4
03/01/2019,3.4,3.4,3.4,3.4
04/01/2019,3.4,3.4,3.4,3.4
08/01/2019,3.4,3.4,3.4,3.4
09/01/2019,3.4,3.4,3.4,3.4
10/01/2019,3.4,3.4,3.4,3.4
11/01/2019,3.4,3.4,3.4,3.4
14/01/2019,3.4,3.4,3.4,3.4
15/01/2019,3.4,3.4,3.4,3.4
16/01/2019,3.4,3.4,3.4,3.4
17/01/2019,3.4,3.4,3.4,3.4
18/01/2019,3.4,3.4,3.4,3.4
21/01/2019,3.4,3.4,3.4,3.4
22/01/2019,3.4,3.4,3.4,3.4
23/01/2019,3.4,3.4,3.4,3.4
24/01/2019,3.4,3.4,3.4,3.4
25/01/2019,3.4,3.04,3.4,3.04
28/01/2019,3.04,3.04,3.4,3.04
29/01/2019,3.04,3.04,3.4,3.04
30/01/2019,3.04,3.2,3.4,3.04
31/01/2019,3.2,3.2,3.4,3.04
01/02/2019,3.2,3.2,3.4,3.04
04/02/2019,3.2,3.2,3.4,3.04
05/02/2019,3.2,3.21,3.4,3.04
06/02/2019,3.21,3.21,3.4,3.04
07/02/2019,3.21,3.21,3.4,3.04
08/02/2019,3.21,3.21,3.4,3.04
11/02/2019,3.21,3.21,3.4,3.04
12/02/2019,3.21,3.26,3.4,3.04
13/02/2019,3.26,3.29,3.4,3.04
14/02/2019,3.29,3.29,3.4,3.04
15/02/2019,3.29,3.75,3.75,3.04
18/02/2019,3.75,4.3,4.3,3.04
19/02/2019,4.3,4.3,4.3,3.04
20/02/2019,4.3,4.3,4.3,3.04
21/02/2019,4.3,4.3,4.3,3.04
22/02/2019,4.3,4.4,4.4,3.04
25/02/2019,4.4,4.6,4.6,3.04
26/02/2019,4.6,4.6,4.6,3.04
27/02/2019,4.6,4.6,4.6,3.04
28/02/2019,4.6,4.6,4.6,3.04
01/03/2019,4.6,4.59,4.6,3.04
04/03/2019,4.59,4.59,4.6,3.04
05/03/2019,4.59,4.55,4.6,3.04
07/03/2019,4.55,4.55,4.6,3.04
08/03/2019,4.55,4.52,4.6,3.04
11/03/2019,4.52,4.52,4.6,3.04
12/03/2019,4.52,4.52,4.6,3.04
13/03/2019,4.52,4.52,4.6,3.04
14/03/2019,4.52,5.1,5.1,3.04
15/03/2019,5.1,5.1,5.1,3.04
18/03/2019,5.1,5.1,5.1,3.04
19/03/2019,5.1,5.1,5.1,3.04
20/03/2019,5.1,5.1,5.1,3.04
21/03/2019,5.1,4.6,5.1,3.04
22/03/2019,4.6,5.09,5.1,3.04
25/03/2019,5.09,5.09,5.1,3.04
26/03/2019,5.09,5.09,5.1,3.04
27/03/2019,5.09,5.09,5.1,3.04
28/03/2019,5.09,5.09,5.1,3.04
29/03/2019,5.09,5.09,5.1,3.04
01/04/2019,5.09,5.09,5.1,3.04
02/04/2019,5.09,5.09,5.1,3.04
03/04/2019,5.09,5.09,5.1,3.04
04/04/2019,5.09,5.09,5.1,3.04
05/04/2019,5.09,5.09,5.1,3.04
08/04/2019,5.09,5.09,5.1,3.04
09/04/2019,5.09,5.09,5.1,3.04
10/04/2019,5.09,5.09,5.1,3.04
11/04/2019,5.09,5.09,5.1,3.04
12/04/2019,5.09,5.09,5.1,3.04
15/04/2019,5.09,5.09,5.1,3.04
16/04/2019,5.09,5.09,5.1,3.04
17/04/2019,5.09,5.09,5.1,3.04
18/04/2019,5.09,5.07,5.1,3.04
23/04/2019,5.07,5.07,5.1,3.04
24/04/2019,5.07,5.09,5.1,3.04
25/04/2019,5.09,5.09,5.1,3.04
26/04/2019,5.09,5.09,5.1,3.04
29/04/2019,5.09,5.09,5.1,3.04
30/04/2019,5.09,5.09,5.1,3.04
02/05/2019,5.09,4.99,5.1,3.04
03/05/2019,4.99,4.99,5.1,3.04
06/05/2019,4.99,4.99,5.1,3.04
07/05/2019,4.99,4.99,5.1,3.04
08/05/2019,4.99,4.99,5.1,3.04
09/05/2019,4.99,4.99,5.1,3.04
10/05/2019,4.99,4.99,5.1,3.04
13/05/2019,4.99,4.99,5.1,3.04
14/05/2019,4.99,4.99,5.1,3.04
15/05/2019,4.99,4.99,5.1,3.04
16/05/2019,4.99,4.99,5.1,3.04
17/05/2019,4.99,4.99,5.1,3.04
20/05/2019,4.99,4.99,5.1,3.04
21/05/2019,4.99,4.99,5.1,3.04
22/05/2019,4.99,4.99,5.1,3.04
23/05/2019,4.99,4.99,5.1,3.04
24/05/2019,4.99,4.99,5.1,3.04
27/05/2019,4.99,4.99,5.1,3.04
28/05/2019,4.99,4.99,5.1,3.04
29/05/2019,4.99,4.99,5.1,3.04
30/05/2019,4.99,4.99,5.1,3.04
31/05/2019,4.99,4.99,5.1,3.04
03/06/2019,4.99,4.99,5.1,3.04
04/06/2019,4.99,4.99,5.1,3.04
06/06/2019,4.99,4.99,5.1,3.04
07/06/2019,4.99,4.99,5.1,3.04
10/06/2019,4.99,4.99,5.1,3.04
11/06/2019,4.99,4.25,5.1,3.04
12/06/2019,4.25,4.25,5.1,3.04
13/06/2019,4.25,4.25,5.1,3.04
14/06/2019,4.25,4.25,5.1,3.04
17/06/2019,4.25,4.25,5.1,3.04
18/06/2019,4.25,4.25,5.1,3.04
19/06/2019,4.25,4.25,5.1,3.04
20/06/2019,4.25,4.2,5.1,3.04
21/06/2019,4.2,4.2,5.1,3.04
24/06/2019,4.2,4.2,5.1,3.04
25/06/2019,4.2,4.2,5.1,3.04
26/06/2019,4.2,4.2,5.1,3.04
27/06/2019,4.2,4,5.1,3.04
28/06/2019,4,4,5.1,3.04
01/07/2019,4,4,5.1,3.04
02/07/2019,4,4,5.1,3.04
03/07/2019,4,4,5.1,3.04
04/07/2019,4,4,5.1,3.04
05/07/2019,4,4,5.1,3.04
08/07/2019,4,4,5.1,3.04
09/07/2019,4,4,5.1,3.04
10/07/2019,4,4,5.1,3.04
11/07/2019,4,4,5.1,3.04
12/07/2019,4,4,5.1,3.04
15/07/2019,4,4,5.1,3.04
16/07/2019,4,4,5.1,3.04
17/07/2019,4,4,5.1,3.04
18/07/2019,4,4,5.1,3.04
19/07/2019,4,4,5.1,3.04
22/07/2019,4,4,5.1,3.04
23/07/2019,4,4,5.1,3.04
24/07/2019,4,4,5.1,3.04
25/07/2019,4,3.4,5.1,3.04
26/07/2019,3.4,3.4,5.1,3.04
29/07/2019,3.4,3.4,5.1,3.04
30/07/2019,3.4,3.4,5.1,3.04
31/07/2019,3.4,3.4,5.1,3.04
01/08/2019,3.4,3.4,5.1,3.04
02/08/2019,3.4,3.4,5.1,3.04
06/08/2019,3.4,3.4,5.1,3.04
07/08/2019,3.4,3.4,5.1,3.04
08/08/2019,3.4,3.4,5.1,3.04
09/08/2019,3.4,3.4,5.1,3.04
13/08/2019,3.4,3,5.1,3
14/08/2019,3,3,5.1,3
15/08/2019,3,3,5.1,3
16/08/2019,3,3,5.1,3
19/08/2019,3,3,5.1,3
20/08/2019,3,3,5.1,3
21/08/2019,3,3,5.1,3
22/08/2019,3,3,5.1,3
23/08/2019,3,3,5.1,3
26/08/2019,3,3,5.1,3
26/08/2019,3,3,5.1,3
27/08/2019,3,3,5.1,3
28/08/2019,3,3,5.1,3
29/08/2019,3,3,5.1,3
30/08/2019,3,3,5.1,3
02/09/2019,3,3,5.1,3
03/09/2019,3,3,5.1,3
04/09/2019,3,3.05,5.1,3
05/09/2019,3.05,3.05,5.1,3
06/09/2019,3.05,3.05,5.1,3
09/09/2019,3.05,3.05,5.1,3
10/09/2019,3.05,3.07,5.1,3
11/09/2019,3.07,3.07,5.1,3
12/09/2019,3.07,3.07,5.1,3
13/09/2019,3.07,3.06,5.1,3
16/09/2019,3.06,3.01,5.1,3
17/09/2019,3.01,3.01,5.1,3
18/09/2019,3.01,3.01,5.1,3
19/09/2019,3.01,3,5.1,3
20/09/2019,3,2.95,5.1,2.95
24/09/2019,2.95,2.89,5.1,2.89
25/09/2019,2.89,2.89,5.1,2.89
26/09/2019,2.89,2.89,5.1,2.89
27/09/2019,2.89,2.89,5.1,2.89
30/09/2019,2.89,2.89,5.1,2.89
01/10/2019,2.89,2.87,5.1,2.87
02/10/2019,2.87,2.87,5.1,2.87
03/10/2019,2.87,2.87,5.1,2.87
04/10/2019,2.87,2.87,5.1,2.87
07/10/2019,2.87,2.87,5.1,2.87
08/10/2019,2.87,2.87,5.1,2.87
09/10/2019,2.87,2.87,5.1,2.87
10/10/2019,2.87,2.87,5.1,2.87
11/10/2019,2.87,2.87,5.1,2.87
14/10/2019,2.87,2.87,5.1,2.87
15/10/2019,2.87,2.87,5.1,2.87
16/10/2019,2.87,2.87,5.1,2.87
17/10/2019,2.87,2.87,5.1,2.87
18/10/2019,2.87,2.87,5.1,2.87
21/10/2019,2.87,2.87,5.1,2.87
22/10/2019,2.87,2.87,5.1,2.87
23/10/2019,2.87,2.87,5.1,2.87
24/10/2019,2.87,2.87,5.1,2.87
25/10/2019,2.87,2.82,5.1,2.82
28/10/2019,2.82,2.82,5.1,2.82
29/10/2019,2.82,2.82,5.1,2.82
30/10/2019,2.82,2.82,5.1,2.82
31/10/2019,2.82,2.82,5.1,2.82
01/11/2019,2.82,2.82,5.1,2.82
04/11/2019,2.82,2.82,5.1,2.82
05/11/2019,2.82,2.82,5.1,2.82
06/11/2019,2.82,2.82,5.1,2.82
07/11/2019,2.82,2.82,5.1,2.82
08/11/2019,2.82,2.82,5.1,2.82
11/11/2019,2.82,2.82,5.1,2.82
12/11/2019,2.82,2.82,5.1,2.82
13/11/2019,2.82,2.82,5.1,2.82
14/11/2019,2.82,2.86,5.1,2.82
15/11/2019,2.86,2.87,5.1,2.82
18/11/2019,2.87,2.9,5.1,2.82
19/11/2019,2.9,2.95,5.1,2.82
20/11/2019,2.95,3,5.1,2.82
21/11/2019,3,2.96,5.1,2.82
22/11/2019,2.96,2.98,5.1,2.82
25/11/2019,2.96,2.98,5.1,2.82
26/11/2019,3.05,3.1,5.1,2.82
27/11/2019,3.1,3.1,5.1,2.82
28/11/2019,3.1,3.1,5.1,2.82
29/11/2019,3.1,2.92,5.1,2.82
02/12/2019,2.92,2.92,5.1,2.82
03/12/2019,2.92,2.92,5.1,2.82
04/12/2019,2.92,2.92,5.1,2.82
05/12/2019,2.92,3.15,5.1,2.82
09/12/2019,3.15,3.16,5.1,2.82
10/12/2019,3.16,3.16,5.1,2.82
11/12/2019,3.16,3.16,5.1,2.82
12/12/2019,3.16,3.6,5.1,2.82
13/12/2019,3.6,3.6,5.1,2.82
16/12/2019,3.6,3.6,5.1,2.82
17/12/2019,3.6,3.6,5.1,2.82
18/12/2019,3.6,3.59,5.1,2.82
19/12/2019,3.59,3.59,5.1,2.82
20/12/2019,3.59,3.5,5.1,2.82
23/12/2019,3.5,3,5.1,2.82
24/12/2019,3,3,5.1,2.82
27/12/2019,3,3,5.1,2.82
30/12/2019,3,3,5.1,2.82
31/12/2019,3,3,5.1,2.82
