Date,Open,Close,High,Low,
04/01/2010,3.4,3.4,4,3.4,
05/01/2010,3.4,3.4,4,3.4,
06/01/2010,3.4,3.4,3.4,3.4,
07/01/2010,3.4,3.4,3.4,3.4,
08/01/2010,3.4,3.4,3.4,3.4,
11/01/2010,3.4,3.4,3.4,3.4,
12/01/2010,3.4,3.4,3.4,3.4,
13/01/2010,3.4,3.4,3.4,3.4,
14/01/2010,3.4,3.4,3.4,3.4,
15/01/2010,3.4,3.4,3.4,3.4,
18/01/2010,3.4,3.4,3.4,3.4,
19/01/2010,3.4,3.4,3.4,3.4,
20/01/2010,3.4,3.4,3.4,3.4,
21/01/2010,3.4,3.4,3.4,3.4,
22/01/2010,3.4,3.4,3.4,3.4,
25/01/2010,3.4,3.4,3.4,3.4,
26/01/2010,3.4,3.4,3.4,3.4,
27/01/2010,3.4,3.4,3.4,3.4,
28/01/2010,3.4,3.4,3.4,3.4,
29/01/2010,3.4,3.4,3.4,3.4,
01/02/2010,3.4,3.4,3.4,3.4,
02/02/2010,3.39,3.39,3.4,3.39,
03/02/2010,3.39,3.39,3.4,3.4,
04/02/2010,3.39,3.39,3.4,3.4,
05/02/2010,3.39,3.39,3.4,3.4,
08/02/2010,3.39,3.39,3.4,3.4,
09/02/2010,3.39,3.39,3.4,3.4,
10/02/2010,3.39,3.39,3.4,3.4,
11/02/2010,3.39,3.39,3.4,3.4,
12/02/2010,3.39,3.39,3.4,3.4,
15/02/2010,3.39,3.39,3.4,3.4,
16/02/2010,3.39,3.39,3.4,3.4,
17/02/2010,3.39,3.39,3.4,3.4,
18/02/2010,3.39,3.39,3.4,3.4,
19/02/2010,3.39,3.39,3.4,3.4,
22/02/2010,3.39,3.39,3.4,3.4,
23/02/2010,3.39,3.39,3.4,3.4,
24/02/2010,3.39,3.39,3.4,3.4,
25/02/2010,3.39,3.39,3.4,3.4,
26/02/2010,3.39,3.39,3.4,3.4,
01/03/2010,3.39,3.39,3.4,3.4,
02/03/2010,3.39,3.39,3.4,3.4,
03/03/2010,3.39,3.39,3.4,3.4,
04/03/2010,3.39,3.39,3.4,3.4,
05/03/2010,3.39,3.39,3.4,3.4,
09/03/2010,3.39,3.39,3.4,3.4,
10/03/2010,3.39,3.39,3.4,3.4,
11/03/2010,3.39,3.39,3.4,3.4,
12/03/2010,3.39,3.39,3.4,3.4,
15/03/2010,3.39,3.39,3.4,3.4,
16/03/2010,3.39,3.39,3.4,3.4,
17/03/2010,3.39,3.39,3.4,3.4,
18/03/2010,3.39,3.39,3.4,3.4,
19/03/2010,3.39,3.39,3.4,3.4,
22/03/2010,3.39,3.39,3.4,3.4,
23/03/2010,3.39,3.39,3.4,3.4,
24/03/2010,3.39,3.39,3.4,3.4,
25/03/2010,3.39,3.39,3.4,3.4,
26/03/2010,3.39,3.39,3.4,3.4,
29/03/2010,3.39,3.39,3.4,3.4,
30/03/2010,3.39,3.39,3.4,3.4,
31/03/2010,3.39,3.39,3.4,3.4,
01/04/2010,3.39,3.39,3.4,3.4,
06/04/2010,3.39,3.39,3.4,3.4,
07/04/2010,3.39,3.4,3.4,3.4,
08/04/2010,3.39,3.4,3.4,3.4,
12/04/2010,3.4,3.4,3.4,3.4,
13/04/2010,3.4,3.4,3.4,3.4,
14/04/2010,3.46,3.46,3.46,3.4,
15/04/2010,3.46,3.46,3.46,3.4,
16/04/2010,3.46,3.46,3.46,3.4,
19/04/2010,3.46,3.46,3.46,3.4,
20/04/2010,3.46,3.46,3.46,3.4,
21/04/2010,3.46,3.46,3.46,3.4,
22/04/2010,3.46,3.46,3.46,3.4,
23/04/2010,3.46,3.46,3.46,3.4,
26/04/2010,3.46,3.46,3.46,3.4,
27/04/2010,3.46,3.52,3.52,3.4,
28/04/2010,3.52,3.56,3.56,3.4,
29/04/2010,3.52,3.6,3.6,3.4,
30/04/2010,3.52,3.62,3.62,3.4,
04/05/2010,3.52,3.62,3.62,3.4,
05/05/2010,3.62,3.65,3.65,3.4,
06/05/2010,3.65,3.68,3.68,3.4,
07/05/2010,3.65,3.68,3.68,3.4,
10/05/2010,3.68,3.69,3.69,3.4,
11/05/2010,3.69,3.72,3.72,3.4,
12/05/2010,3.69,3.72,3.72,3.4,
13/05/2010,3.69,3.72,3.72,3.4,
14/05/2010,3.69,3.72,3.72,3.4,
17/05/2010,3.69,3.72,3.72,3.4,
18/05/2010,3.69,3.77,3.77,3.4,
19/05/2010,3.77,3.8,3.8,3.4,
20/05/2010,3.77,3.8,3.8,3.4,
21/05/2010,3.77,3.8,3.8,3.4,
24/05/2010,3.77,3.8,3.8,3.4,
26/05/2010,3.77,3.8,3.8,3.4,
27/05/2010,3.77,3.8,3.8,3.4,
28/05/2010,3.8,3.82,3.82,3.4,
31/05/2010,3.8,3.82,3.82,3.4,
01/06/2010,3.82,3.86,3.86,3.4,
02/06/2010,3.86,3.87,3.87,3.4,
03/06/2010,3.86,3.87,3.87,3.4,
04/06/2010,3.86,3.87,3.87,3.4,
07/06/2010,3.86,3.92,3.92,3.4,
08/06/2010,3.86,3.92,3.92,3.4,
09/06/2010,3.86,3.92,3.92,3.4,
10/06/2010,3.86,3.92,3.92,3.4,
11/06/2010,3.92,3.95,3.95,3.4,
14/06/2010,3.97,3.4,3.95,3.4,
15/06/2010,3.97,3.4,3.95,3.4,
16/06/2010,3.97,3.41,3.95,3.4,
17/06/2010,3.41,3.41,3.95,3.4,
18/06/2010,3.41,3.41,3.95,3.4,
21/06/2010,3.41,3.41,3.95,3.4,
22/06/2010,3.41,3.41,3.95,3.4,
23/06/2010,3.5,3.5,3.95,3.4,
24/06/2010,3.5,3.5,3.95,3.4,
25/06/2010,3.55,3.55,3.95,3.4,
28/06/2010,3.55,3.55,3.95,3.4,
29/06/2010,3.6,3.6,3.95,3.4,
30/06/2010,3.6,3.6,3.95,3.4,
02/07/2010,3.6,3.6,3.95,3.4,
05/07/2010,3.6,3.6,3.95,3.4,
06/07/2010,3.6,3.6,3.95,3.4,
07/07/2010,3.6,3.6,3.95,3.4,
08/07/2010,3.6,3.65,3.95,3.4,
09/07/2010,3.6,3.65,3.95,3.4,
12/07/2010,3.6,3.65,3.95,3.4,
13/07/2010,3.64,3.65,3.95,3.4,
14/07/2010,3.64,3.7,3.95,3.4,
15/07/2010,3.64,3.7,3.95,3.4,
16/07/2010,3.64,3.7,3.95,3.4,
19/07/2010,3.64,3.7,3.95,3.4,
20/07/2010,3.64,3.56,3.95,3.4,
21/07/2010,3.64,3.56,3.95,3.4,
22/07/2010,3.6,3.56,3.95,3.4,
23/07/2010,3.56,3.56,3.95,3.4,
26/07/2010,3.56,3.56,3.95,3.4,
27/07/2010,3.56,3.56,3.95,3.4,
28/07/2010,3.56,3.6,3.95,3.4,
29/07/2010,3.56,3.6,3.95,3.4,
30/07/2010,3.56,3.6,3.95,3.4,
02/08/2010,3.56,3.6,3.95,3.4,
03/08/2010,3.56,3.6,3.95,3.4,
04/08/2010,3.56,3.6,3.95,3.4,
05/08/2010,3.6,3.61,3.95,3.4,
06/08/2010,3.61,3.65,3.95,3.4,
09/08/2010,3.61,3.65,3.95,3.4,
10/08/2010,3.61,3.65,3.95,3.4,
11/08/2010,3.61,3.65,3.95,3.4,
12/08/2010,3.61,3.65,3.95,3.4,
13/08/2010,3.61,3.85,3.95,3.4,
16/08/2010,3.61,4,4,3.4,
17/08/2010,3.61,4,4,3.4,
18/08/2010,4,4.15,4.15,3.4,
19/08/2010,4.15,4.25,4.15,3.4,
20/08/2010,4.25,4.3,4.15,3.4,
23/08/2010,4.25,4.3,4.15,3.4,
24/08/2010,4.25,4.3,4.15,3.4,
25/08/2010,4.25,4.3,4.15,3.4,
26/08/2010,4.3,4.4,4.15,3.4,
27/08/2010,4.3,4.4,4.15,3.4,
30/08/2010,4.3,4.4,4.15,3.4,
31/08/2010,4.3,4.4,4.15,3.4,
01/09/2010,4.3,4.4,4.15,3.4,
02/09/2010,4.3,4.4,4.15,3.4,
03/09/2010,4.3,4.4,4.15,3.4,
06/09/2010,4.3,4.4,4.15,3.4,
07/09/2010,4.3,5,5,3.4,
08/09/2010,4.3,5,5,3.4,
09/09/2010,4.3,5,5,3.4,
13/09/2010,4.3,5,5,3.4,
14/09/2010,4.3,5,5,3.4,
15/09/2010,4.3,5,5,3.4,
16/09/2010,4.3,5,5,3.4,
17/09/2010,4.3,5.01,5.01,3.4,
20/09/2010,4.3,5.01,5.01,3.4,
22/09/2010,4.3,5.01,5.01,3.4,
23/09/2010,5.01,5.6,5.6,3.4,
24/09/2010,5.01,5.05,5.6,3.4,
27/09/2010,5.01,5.05,5.6,3.4,
28/09/2010,5.01,5.05,5.6,3.4,
29/09/2010,5.01,5.05,5.6,3.4,
30/09/2010,5.05,5.06,5.6,3.4,
01/10/2010,5.06,5.11,5.6,3.4,
04/10/2010,5.06,5.11,5.6,3.4,
05/10/2010,5.06,5.11,5.6,3.4,
06/10/2010,5.06,5.11,5.6,3.4,
07/10/2010,5.06,5.11,5.6,3.4,
08/10/2010,5.06,5.11,5.6,3.4,
11/10/2010,5.11,5.3,5.6,3.4,
12/10/2010,5.11,5.3,5.6,3.4,
13/10/2010,5.11,5.3,5.6,3.4,
14/10/2010,5.11,5.3,5.6,3.4,
15/10/2010,5.3,5.35,5.6,3.4,
18/10/2010,5.35,5.36,5.6,3.4,
19/10/2010,5.35,5.38,5.6,3.4,
20/10/2010,5.35,5.38,5.6,3.4,
21/10/2010,5.38,5.45,5.6,3.4,
22/10/2010,5.38,5.45,5.6,3.4,
25/10/2010,5.38,5.45,5.6,3.4,
26/10/2010,5.38,5.45,5.6,3.4,
27/10/2010,5.38,5.45,5.6,3.4,
28/10/2010,5.38,5.45,5.6,3.4,
29/10/2010,5.38,5.52,5.6,3.4,
01/11/2010,5.38,5.45,5.6,3.4,
02/11/2010,5.38,5.55,5.6,3.4,
03/11/2010,5.38,5.55,5.6,3.4,
04/11/2010,5.38,5.55,5.6,3.4,
05/11/2010,5.55,5.55,5.6,3.4,
08/11/2010,5.55,5.55,5.6,3.4,
09/11/2010,5.55,5.55,5.6,3.4,
10/11/2010,5.55,5.55,5.6,3.4,
11/11/2010,5.55,5.55,5.6,3.4,
12/11/2010,5.55,5.55,5.6,3.4,
15/11/2010,5.55,5.56,5.6,3.4,
17/11/2010,5.55,5.56,5.6,3.4,
18/11/2010,5.55,5.56,5.6,3.4,
19/11/2010,5.56,5.55,5.6,3.4,
22/11/2010,5.55,5.6,5.6,3.4,
23/11/2010,5.55,5.6,5.6,3.4,
24/11/2010,5.55,5.56,5.6,3.4,
25/11/2010,5.56,5.56,5.6,3.4,
26/11/2010,5.6,5.6,5.6,3.4,
29/11/2010,5.6,5.6,5.6,3.4,
30/11/2010,5.6,5.6,5.6,3.4,
01/12/2010,5.6,5.61,5.61,3.4,
02/12/2010,5.6,5.61,5.61,3.4,
06/12/2010,5.6,5.61,5.61,3.4,
07/12/2010,5.61,5.7,5.61,3.4,
08/12/2010,5.7,5.7,5.61,3.4,
09/12/2010,5.7,5.7,5.7,3.4,
04/01/2011,5.69,5.69,5.69,5.69,
21/01/2011,5.74,5.74,5.74,5.69,
05/01/2011,5.69,5.69,5.69,5.69,
06/01/2011,5.69,5.69,5.69,5.69,
07/01/2011,5.69,5.69,5.69,5.69,
10/01/2011,5.69,5.69,5.69,5.69,
11/01/2011,5.69,5.69,5.69,5.69,
12/01/2011,5.69,5.69,5.69,5.69,
13/01/2011,5.69,5.69,5.69,5.69,
14/01/2011,5.69,5.69,5.69,5.69,
17/01/2011,5.69,5.67,5.69,5.69,
18/01/2011,5.69,5.67,5.69,5.69,
19/01/2011,5.67,5.73,5.69,5.69,
20/01/2011,5.73,5.74,5.74,5.69,
24/01/2011,5.74,5.8,5.74,5.69,
25/01/2011,5.8,5.82,5.82,5.69,
26/01/2011,5.82,5.82,5.82,5.69,
27/01/2011,5.82,5.84,5.84,5.69,
28/01/2011,5.84,5.85,5.85,5.69,
31/01/2011,5.85,5.86,5.85,5.69,
01/02/2011,5.86,5.86,5.85,5.69,
02/02/2011,5.86,5.86,5.85,5.69,
03/02/2011,5.86,5.86,5.85,5.69,
04/02/2011,5.86,5.87,5.87,5.69,
07/02/2011,5.87,5.88,5.88,5.69,
08/02/2011,5.88,5.88,5.88,5.69,
09/02/2011,5.88,5.88,5.88,5.69,
10/02/2011,5.88,5.88,5.88,5.69,
11/02/2011,5.88,5.9,5.88,5.69,
14/02/2011,5.9,5.9,5.88,5.69,
15/02/2011,5.9,5.88,5.88,5.69,
16/02/2011,5.88,5.88,5.88,5.69,
17/02/2011,5.88,5.88,5.88,5.69,
18/02/2011,5.88,5.88,5.88,5.69,
21/02/2011,5.88,5.88,5.88,5.69,
22/02/2011,5.88,5.9,5.88,5.69,
23/02/2011,5.9,5.98,5.98,5.69,
24/02/2011,5.98,5.98,5.98,5.69,
25/02/2011,5.98,6,5.98,5.69,
28/02/2011,6,6.01,6.01,5.69,
01/03/2011,6.01,6.01,6.01,5.69,
02/03/2011,6.01,6.01,6.01,5.69,
03/03/2011,6.01,6.05,6.05,5.69,
04/03/2011,6.05,6.05,6.05,5.69,
08/03/2011,6.05,6.05,6.05,5.69,
09/03/2011,6.05,6.05,6.05,5.69,
10/03/2011,6.05,6.05,6.05,5.69,
11/03/2011,6.05,6.06,6.06,5.69,
14/03/2011,6.15,6.21,6.21,5.69,
15/03/2011,6.21,6.31,6.31,5.69,
16/03/2011,6.31,6.39,6.39,5.69,
17/03/2011,6.4,6.46,6.46,5.69,
18/03/2011,6.46,6.47,6.47,5.69,
21/03/2011,6.47,6.47,6.47,5.69,
22/03/2011,6.47,6.47,6.47,5.69,
23/03/2011,6.47,6.47,6.47,5.69,
24/03/2011,6.47,6.48,6.47,5.69,
25/03/2011,6.48,6.48,6.47,5.69,
28/03/2011,6.48,6.48,6.47,5.69,
29/03/2011,6.48,6.49,6.49,5.69,
30/03/2011,6.49,6.49,6.49,5.69,
31/03/2011,6.49,6.49,6.49,5.69,
01/04/2011,6.49,6.49,6.49,5.69,
04/04/2011,6.49,6.49,6.49,5.69,
05/04/2011,6.49,6.5,6.5,5.69,
06/04/2011,6.5,6.51,6.51,5.69,
07/04/2011,6.51,6.51,6.51,5.69,
08/04/2011,6.51,6.52,6.51,5.69,
11/04/2011,6.52,6.48,6.51,5.69,
12/04/2011,6.48,6.48,6.51,5.69,
13/04/2011,6.48,6.48,6.51,5.69,
14/04/2011,6.48,6.48,6.51,5.69,
15/04/2011,6.48,6.48,6.51,5.69,
18/04/2011,6.48,6.48,6.51,5.69,
19/04/2011,6.48,7.24,7.24,5.69,
20/04/2011,7.24,7.24,7.24,5.69,
21/04/2011,7.24,7.24,7.24,5.69,
26/04/2011,7.24,6.9,7.24,5.69,
27/04/2011,6.9,6.9,7.24,5.69,
28/04/2011,6.9,6.53,7.24,5.69,
29/04/2011,6.53,6.9,7.24,5.69,
03/05/2011,6.9,6.91,7.24,5.69,
04/05/2011,6.91,6.92,7.24,5.69,
05/05/2011,6.92,6.92,7.24,5.69,
06/05/2011,6.92,6.95,7.24,5.69,
09/05/2011,6.95,6.95,7.24,5.69,
10/05/2011,6.95,6.95,7.24,5.69,
11/05/2011,6.95,6.96,7.24,5.69,
12/05/2011,6.96,7,7.24,5.69,
13/05/2011,7,7,7.24,5.69,
16/05/2011,7,7.23,7.24,5.69,
17/05/2011,7.23,7.23,7.24,5.69,
18/05/2011,7.23,7.23,7.24,5.69,
19/05/2011,7.23,7.24,7.24,5.69,
20/05/2011,7.24,7.24,7.24,5.69,
23/05/2011,7.24,7.24,7.24,5.69,
24/05/2011,7.24,7.24,7.24,5.69,
26/05/2011,7.24,7.24,7.24,5.69,
27/05/2011,7.24,7.24,7.24,5.69,
30/05/2011,7.24,7.24,7.24,5.69,
31/05/2011,7.24,7.24,7.24,5.69,
01/06/2011,7.24,7.24,7.24,5.69,
02/06/2011,7.24,7.24,7.24,5.69,
03/06/2011,7.24,7.25,7.24,5.69,
06/06/2011,7.25,7.25,7.24,5.69,
07/06/2011,7.25,7.25,7.24,5.69,
08/06/2011,7.25,7.25,7.24,5.69,
09/06/2011,7.25,7.3,7.24,5.69,
10/06/2011,7.3,7.4,7.24,5.69,
13/06/2011,7.3,7.41,7.24,5.69,
14/06/2011,7.42,7.42,7.42,5.69,
15/06/2011,7.42,7.43,7.43,5.69,
16/06/2011,7.43,7.43,7.43,5.69,
17/06/2011,7.43,7.43,7.43,5.69,
20/06/2011,7.43,7.44,7.44,5.69,
21/06/2011,7.44,7.44,7.44,5.69,
22/06/2011,7.44,7.44,7.44,5.69,
23/06/2011,7.44,7.44,7.44,5.69,
24/06/2011,7.44,7.44,7.44,5.69,
27/06/2011,7.44,7.44,7.44,5.69,
28/06/2011,7.44,7.44,7.44,5.69,
29/06/2011,7.44,7.44,7.44,5.69,
30/06/2011,7.44,7.44,7.44,5.69,
04/07/2011,7.44,7.46,7.46,5.69,
05/07/2011,7.46,7.47,7.46,5.69,
06/07/2011,7.47,7.47,7.46,5.69,
07/07/2011,7.47,7.48,7.46,5.69,
08/07/2011,7.48,7.48,7.46,5.69,
11/07/2011,7.48,7.48,7.46,5.69,
12/07/2011,7.48,7.48,7.46,5.69,
13/07/2011,7.48,7.48,7.46,5.69,
14/07/2011,7.48,7.5,7.5,5.69,
15/07/2011,7.5,7.5,7.5,5.69,
18/07/2011,7.5,7.5,7.5,5.69,
19/07/2011,7.5,7.5,7.5,5.69,
20/07/2011,7.5,7.51,7.51,5.69,
21/07/2011,7.51,7.52,7.52,5.69,
22/07/2011,7.52,7.53,7.53,5.69,
25/07/2011,7.53,7.53,7.53,5.69,
26/07/2011,7.53,7.53,7.53,5.69,
27/07/2011,7.53,7.53,7.53,5.69,
28/07/2011,7.53,7.53,7.53,5.69,
29/07/2011,7.53,7.53,7.53,5.69,
01/08/2011,7.53,7.53,7.53,5.69,
02/08/2011,7.53,7.53,7.53,5.69,
03/08/2011,7.53,7.53,7.53,5.69,
04/08/2011,7.53,7.53,7.53,5.69,
05/08/2011,7.53,7.53,7.53,5.69,
08/08/2011,7.53,7.53,7.53,5.69,
09/08/2011,7.53,7.53,7.53,5.69,
10/08/2011,7.53,7.53,7.53,5.69,
11/08/2011,7.53,7.53,7.53,5.69,
12/08/2011,7.53,7.52,7.53,5.69,
15/08/2011,7.52,7.52,7.53,5.69,
16/08/2011,7.52,7.52,7.53,5.69,
17/08/2011,7.52,7.52,7.53,5.69,
18/08/2011,7.52,7.52,7.53,5.69,
19/08/2011,7.52,7.52,7.53,5.69,
19/08/2011,7.52,7.52,7.53,5.69,
24/08/2011,7.52,7.44,7.53,5.69,
25/08/2011,7.44,7.44,7.53,5.69,
26/08/2011,7.44,7.44,7.53,5.69,
29/08/2011,7.44,7.4,7.53,5.69,
23/08/2011,7.52,7.52,7.53,5.69,
22/08/2011,7.52,7.52,7.53,5.69,
30/08/2011,7.4,7.4,7.53,5.69,
01/09/2011,7.4,7.4,7.53,5.69,
02/09/2011,7.4,7.4,7.53,5.69,
05/09/2011,7.4,7.4,7.53,5.69,
06/09/2011,7.4,7.4,7.53,5.69,
07/09/2011,7.4,7,7.53,5.69,
08/09/2011,7,7,7.53,5.69,
09/09/2011,7,7,7.53,5.69,
12/09/2011,7,7,7.53,5.69,
13/09/2011,7,7,7.53,5.69,
14/09/2011,7,7,7.53,5.69,
15/09/2011,7,7,7.53,5.69,
16/09/2011,7,6.8,7.53,5.69,
19/09/2011,6.8,6.8,7.53,5.69,
20/09/2011,6.8,6.8,7.53,5.69,
22/09/2011,6.8,6.78,7.53,5.69,
23/09/2011,6.78,6.78,7.53,5.69,
26/09/2011,6.78,6.78,7.53,5.69,
27/09/2011,6.78,6.78,7.53,5.69,
28/09/2011,6.78,6.7,7.53,5.69,
29/09/2011,6.7,6.7,7.53,5.69,
30/09/2011,6.7,6.7,7.53,5.69,
03/10/2011,6.7,6.7,7.53,5.69,
04/10/2011,6.7,6.7,7.53,5.69,
05/10/2011,6.7,6.7,7.53,5.69,
06/10/2011,6.7,6.7,7.53,5.69,
07/10/2011,6.7,6.7,7.53,5.69,
10/10/2011,6.7,6.7,7.53,5.69,
11/10/2011,6.7,6.7,7.53,5.69,
12/10/2011,6.7,6.7,7.53,5.69,
13/10/2011,6.7,6.7,7.53,5.69,
14/10/2011,6.7,6.7,7.53,5.69,
17/10/2011,6.7,6.7,7.53,5.69,
18/10/2011,6.7,6.7,7.53,5.69,
19/10/2011,6.7,6.7,7.53,5.69,
20/10/2011,6.7,6.7,7.53,5.69,
21/10/2011,6.7,6.7,7.53,5.69,
24/10/2011,6.7,6.7,7.53,5.69,
25/10/2011,6.7,6.7,7.53,5.69,
26/10/2011,6.7,6.69,7.53,5.69,
27/10/2011,6.69,6.65,7.53,5.69,
28/10/2011,6.65,6.6,7.53,5.69,
31/10/2011,6.6,6.6,7.53,5.69,
01/11/2011,6.6,6.6,7.53,5.69,
02/11/2011,6.6,6.6,7.53,5.69,
03/11/2011,6.6,6.6,7.53,5.69,
04/11/2011,6.6,6.6,7.53,5.69,
08/11/2011,6.6,6.6,7.53,5.69,
09/11/2011,6.6,6.6,7.53,5.69,
10/11/2011,6.6,6.6,7.53,5.69,
11/11/2011,6.6,6.6,7.53,5.69,
14/11/2011,6.6,6.6,7.53,5.69,
15/11/2011,6.6,6.6,7.53,5.69,
16/11/2011,6.6,6.6,7.53,5.69,
17/11/2011,6.6,6.6,7.53,5.69,
18/11/2011,6.6,6.6,7.53,5.69,
21/11/2011,6.6,6.6,7.53,5.69,
22/11/2011,6.6,6.6,7.53,5.69,
23/11/2011,6.6,6.6,7.53,5.69,
24/11/2011,6.6,6.6,7.53,5.69,
25/11/2011,6.6,6.6,7.53,5.69,
28/11/2011,6.6,6.6,7.53,5.69,
29/11/2011,6.6,6.6,7.53,5.69,
30/11/2011,6.6,6.6,7.53,5.69,
01/12/2011,6.6,6.6,7.53,5.69,
05/12/2011,6.6,6.6,7.53,5.69,
06/12/2011,6.6,6.6,7.53,5.69,
07/12/2011,6.6,6.6,7.53,5.69,
08/12/2011,6.6,6.6,7.53,5.69,
09/12/2011,6.6,6.62,7.53,5.69,
12/12/2011,6.62,6.62,7.53,5.69,
13/12/2011,6.62,6.62,7.53,5.69,
14/12/2011,6.62,6.63,7.53,5.69,
15/12/2011,6.63,6.63,7.53,5.69,
16/12/2011,6.63,6.63,7.53,5.69,
19/12/2011,6.63,6.63,7.53,5.69,
20/12/2011,6.63,6.63,7.53,5.69,
21/12/2011,6.63,6.63,7.53,5.69,
22/12/2011,6.63,6.63,7.53,5.69,
23/12/2011,6.63,6.64,7.53,5.69,
28/12/2011,6.64,6.64,7.53,5.69,
29/12/2011,6.64,6.64,7.53,5.69,
30/12/2011,6.64,6.64,7.53,5.69,
03/01/2012,6.64,6.64,7.53,5.69,
04/01/2012,6.64,6.64,7.53,5.69,
05/01/2012,6.64,6.64,6.64,6.64,
06/01/2012,6.64,6.63,6.64,6.63,
09/01/2012,6.63,6.64,6.64,6.63,
10/01/2012,6.64,6.64,6.64,6.63,
11/01/2012,6.64,6.8,6.8,6.63,
12/01/2012,6.8,6.8,6.8,6.63,
13/01/2012,6.8,6.8,6.8,6.63,
16/01/2012,6.8,6.8,6.8,6.63,
17/01/2012,6.8,6.8,6.8,6.63,
18/01/2012,6.8,6.8,6.8,6.63,
19/01/2012,6.8,6.8,6.8,6.63,
20/01/2012,6.8,6.9,6.9,6.63,
23/01/2012,6.9,6.9,6.9,6.63,
24/01/2012,6.9,6.9,6.9,6.63,
25/01/2012,6.9,6.9,6.9,6.63,
26/01/2012,6.9,6.97,6.9,6.63,
27/01/2012,6.97,6.97,6.9,6.63,
30/01/2012,6.97,6.97,6.9,6.63,
31/01/2012,6.97,6.97,6.9,6.63,
01/02/2012,6.97,7.4,7.4,6.63,
02/02/2012,7.4,7.41,7.41,6.63,
03/02/2012,7.41,7.46,7.46,6.63,
06/02/2012,7.46,7.46,7.46,6.63,
07/02/2012,7.46,7.46,7.46,6.63,
08/02/2012,7.46,7.46,7.46,6.63,
09/02/2012,7.46,7.46,7.46,6.63,
10/02/2012,7.46,7.46,7.46,6.63,
13/02/2012,7.46,7.46,7.46,6.63,
14/02/2012,7.46,7.5,7.5,6.63,
15/02/2012,7.5,7.5,7.5,6.63,
16/02/2012,7.5,7.55,7.55,6.63,
17/02/2012,7.55,7.98,7.98,6.63,
20/02/2012,7.98,7.99,7.99,6.63,
21/02/2012,7.99,7.99,7.99,6.63,
22/02/2012,7.99,7.99,7.99,6.63,
23/02/2012,7.99,7.99,7.99,6.63,
24/02/2012,7.99,8,7.99,6.63,
27/02/2012,8,8,8,6.63,
28/02/2012,8,8,8,6.63,
29/02/2012,8,8,8,6.63,
01/03/2012,8,8,8,6.63,
02/03/2012,8,8,8,6.63,
05/03/2012,8,8,8,6.63,
07/03/2012,8,8,8,6.63,
08/03/2012,8,8.1,8.1,6.63,
09/03/2012,8.1,8.1,8.1,6.63,
12/03/2012,8.1,8.1,8.1,6.63,
13/03/2012,8.1,8.1,8.1,6.63,
14/03/2012,8.1,8.1,8.1,6.63,
15/03/2012,8.1,8.1,8.1,6.63,
16/03/2012,8.1,8.1,8.1,6.63,
19/03/2012,8.1,8.1,8.1,6.63,
20/03/2012,8.1,8.1,8.1,6.63,
21/03/2012,8.1,8.1,8.1,6.63,
22/03/2012,8.1,8.1,8.1,6.63,
23/03/2012,8.1,8.12,8.12,6.63,
26/03/2012,8.12,8.15,8.15,6.63,
27/03/2012,8.15,8.15,8.15,6.63,
28/03/2012,8.15,8.15,8.15,6.63,
29/03/2012,8.15,8.15,8.15,6.63,
30/03/2012,8.15,8.15,8.15,6.63,
02/04/2012,8.15,8.15,8.15,6.63,
03/04/2012,8.15,8.15,8.15,6.63,
04/04/2012,8.15,8.15,8.15,6.63,
05/04/2012,8.15,8.15,8.15,6.63,
10/04/2012,8.15,8.15,8.15,6.63,
11/04/2012,8.15,8.15,8.15,6.63,
12/04/2012,8.15,8.15,8.15,6.63,
13/04/2012,8.15,8.15,8.15,6.63,
16/04/2012,8.15,8.15,8.15,6.63,
17/04/2012,8.15,8.15,8.15,6.63,
18/04/2012,8.15,8.15,8.15,6.63,
19/04/2012,8.15,8.15,8.15,6.63,
20/04/2012,8.15,8.18,8.18,6.63,
23/04/2012,8.18,8.18,8.18,6.63,
24/04/2012,8.18,8.18,8.18,6.63,
25/04/2012,8.18,8.18,8.18,6.63,
26/04/2012,8.18,8.2,8.18,6.63,
27/04/2012,8.2,8.2,8.18,6.63,
30/04/2012,8.2,8.3,8.3,6.63,
02/05/2012,8.3,8.3,8.3,6.63,
03/05/2012,8.3,8.3,8.3,6.63,
04/05/2012,8.3,8.3,8.3,6.63,
07/05/2012,8.3,8.3,8.3,6.63,
08/05/2012,8.3,8.3,8.3,6.63,
09/05/2012,8.3,8.3,8.3,6.63,
10/05/2012,8.3,8.3,8.3,6.63,
11/05/2012,8.3,8.3,8.3,6.63,
14/05/2012,8.3,8.3,8.3,6.63,
15/05/2012,8.3,8.3,8.3,6.63,
16/05/2012,8.3,8.3,8.3,6.63,
17/05/2012,8.3,8.3,8.3,6.63,
18/05/2012,8.3,8.3,8.3,6.63,
21/05/2012,8.3,8.3,8.3,6.63,
22/05/2012,8.3,8.32,8.32,6.63,
23/05/2012,8.32,8.32,8.32,6.63,
24/05/2012,8.32,8.32,8.32,6.63,
28/05/2012,8.32,8.32,8.32,6.63,
29/05/2012,8.32,8.35,8.32,6.63,
30/05/2012,8.35,8.35,8.32,6.63,
31/05/2012,8.35,8.35,8.32,6.63,
01/06/2012,8.35,8.35,8.32,6.63,
04/06/2012,8.35,8.35,8.32,6.63,
05/06/2012,8.35,8.35,8.32,6.63,
06/06/2012,8.35,8.35,8.32,6.63,
07/06/2012,8.35,8.35,8.32,6.63,
08/06/2012,8.35,8.3,8.32,6.63,
12/06/2012,8.3,8.3,8.32,6.63,
11/06/2012,8.35,8.3,8.32,6.63,
13/06/2012,8.3,8.3,8.32,6.63,
14/06/2012,8.3,8.3,8.32,6.63,
15/06/2012,8.3,8.3,8.32,6.63,
18/06/2012,8.3,8.3,8.32,6.63,
19/06/2012,8.3,8.3,8.32,6.63,
20/06/2012,8.3,8.3,8.32,6.63,
21/06/2012,8.3,8.3,8.32,6.63,
22/06/2012,8.3,8.3,8.32,6.63,
25/06/2012,8.3,8.3,8.32,6.63,
26/06/2012,8.3,8.3,8.32,6.63,
27/06/2012,8.3,8.3,8.32,6.63,
28/06/2012,8.3,8.3,8.32,6.63,
29/06/2012,8.3,8.3,8.32,6.63,
03/07/2012,8.3,8.3,8.32,6.63,
04/07/2012,8.3,8.3,8.32,6.63,
05/07/2012,8.3,8.3,8.32,6.63,
06/07/2012,8.3,8.3,8.32,6.63,
09/07/2012,8.3,8.3,8.32,6.63,
10/07/2012,8.3,8.3,8.32,6.63,
11/07/2012,8.3,8.3,8.32,6.63,
12/07/2012,8.3,8.3,8.32,6.63,
13/07/2012,8.3,8.3,8.32,6.63,
16/07/2012,8.3,8.3,8.32,6.63,
17/07/2012,8.3,8.3,8.32,6.63,
18/07/2012,8.3,8.3,8.32,6.63,
19/07/2012,8.3,8.3,8.32,6.63,
23/07/2012,8.3,8.3,8.32,6.63,
24/07/2012,8.3,8.3,8.32,6.63,
25/07/2012,8.3,8.3,8.32,6.63,
26/07/2012,8.3,8.3,8.32,6.63,
27/07/2012,8.3,8.3,8.32,6.63,
30/07/2012,8.3,8.3,8.32,6.63,
31/07/2012,8.3,8.3,8.32,6.63,
01/08/2012,8.3,8.3,8.32,6.63,
02/08/2012,8.3,8.3,8.32,6.63,
03/08/2012,8.3,8.3,8.32,6.63,
06/08/2012,8.3,8.3,8.32,6.63,
07/08/2012,8.3,8.3,8.32,6.63,
08/08/2012,8.3,8.3,8.32,6.63,
09/08/2012,8.3,8.3,8.32,6.63,
13/08/2012,8.3,8.3,8.32,6.63,
14/08/2012,8.3,8.3,8.32,6.63,
15/08/2012,8.3,8.3,8.32,6.63,
16/08/2012,8.3,8.3,8.32,6.63,
17/08/2012,8.3,8.3,8.32,6.63,
21/08/2012,8.3,8.3,8.32,6.63,
22/08/2012,8.3,8.3,8.32,6.63,
23/08/2012,8.3,8.3,8.32,6.63,
24/08/2012,8.3,8.3,8.32,6.63,
27/08/2012,8.3,8.3,8.32,6.63,
28/08/2012,8.3,8.3,8.32,6.63,
29/08/2012,8.3,8.3,8.32,6.63,
30/08/2012,8.3,8.3,8.32,6.63,
31/08/2012,8.3,8.3,8.32,6.63,
03/09/2012,8.3,8.3,8.32,6.63,
04/09/2012,8.3,8.3,8.32,6.63,
05/09/2012,8.3,8.3,8.32,6.63,
06/09/2012,8.3,8.3,8.32,6.63,
07/09/2012,8.3,8.3,8.32,6.63,
11/09/2012,8.3,8.3,8.32,6.63,
10/09/2012,8.3,8.3,8.32,6.63,
12/09/2012,8.3,8.3,8.32,6.63,
13/09/2012,8.3,8.3,8.32,6.63,
14/09/2012,8.3,8.3,8.32,6.63,
17/09/2012,8.3,8.3,8.32,6.63,
18/09/2012,8.3,8.3,8.32,6.63,
19/09/2012,8.3,8.3,8.32,6.63,
20/09/2012,8.3,8.3,8.32,6.63,
24/09/2012,8.3,8.3,8.32,6.63,
25/09/2012,8.3,8.3,8.32,6.63,
26/09/2012,8.3,8.3,8.32,6.63,
27/09/2012,8.3,8.3,8.32,6.63,
28/09/2012,8.3,8.3,8.32,6.63,
01/10/2012,8.3,8.3,8.32,6.63,
02/10/2012,8.3,8.3,8.32,6.63,
03/10/2012,8.3,8.29,8.32,6.63,
04/10/2012,8.29,8.3,8.32,6.63,
05/10/2012,8.3,8.3,8.32,6.63,
08/10/2012,8.3,8.31,8.32,6.63,
09/10/2012,8.31,8.31,8.32,6.63,
10/10/2012,8.31,8.37,8.37,6.63,
11/10/2012,8.37,8.37,8.37,6.63,
12/10/2012,8.37,8.37,8.37,6.63,
15/10/2012,8.37,8.37,8.37,6.63,
16/10/2012,8.37,8.37,8.37,6.63,
17/10/2012,8.37,8.37,8.37,6.63,
18/10/2012,8.37,8.4,8.37,6.63,
19/10/2012,8.4,8.4,8.37,6.63,
22/10/2012,8.4,8.4,8.37,6.63,
23/10/2012,8.4,8.4,8.37,6.63,
24/10/2012,8.4,8.4,8.37,6.63,
25/10/2012,8.4,8.4,8.37,6.63,
29/10/2012,8.4,8.4,8.37,6.63,
30/10/2012,8.4,8.41,8.37,6.63,
31/10/2012,8.41,8.42,8.37,6.63,
02/11/2012,8.42,8.42,8.37,6.63,
01/11/2012,8.42,8.42,8.37,6.63,
05/11/2012,8.42,8.43,8.37,6.63,
06/11/2012,8.43,8.43,8.37,6.63,
07/11/2012,8.43,8.43,8.37,6.63,
08/11/2012,8.43,8.43,8.37,6.63,
09/11/2012,8.43,8.43,8.37,6.63,
12/11/2012,8.43,8.43,8.37,6.63,
13/11/2012,8.43,8.43,8.37,6.63,
14/11/2012,8.43,8.43,8.37,6.63,
15/11/2012,8.43,8.43,8.43,6.63,
16/11/2012,8.43,8.43,8.43,6.63,
19/11/2012,8.43,8.43,8.43,6.63,
20/11/2012,8.43,8.43,8.43,6.63,
21/11/2012,8.43,8.44,8.44,6.63,
22/11/2012,8.44,8.44,8.44,6.63,
23/11/2012,8.44,8.44,8.44,6.63,
27/11/2012,8.45,8.45,8.44,6.63,
28/11/2012,8.45,8.45,8.44,6.63,
29/11/2012,8.45,8.45,8.44,6.63,
30/11/2012,8.45,8.45,8.44,6.63,
04/12/2012,8.45,8.45,8.44,6.63,
04/12/2012,8.45,8.45,8.44,6.63,
05/12/2012,8.45,8.45,8.44,6.63,
06/12/2012,8.45,8.51,8.51,6.63,
10/12/2012,8.51,8.51,8.51,6.63,
11/12/2012,8.51,8.51,8.51,6.63,
12/12/2012,8.51,8.51,8.51,6.63,
13/12/2012,8.51,8.51,8.51,6.63,
14/12/2012,8.51,8.52,8.52,6.63,
17/12/2012,8.52,8.52,8.52,6.63,
18/12/2012,8.52,8.52,8.52,6.63,
19/12/2012,8.52,8.52,8.52,6.63,
20/12/2012,8.52,8.52,8.52,6.63,
21/12/2012,8.52,8.52,8.52,6.63,
24/12/2012,8.52,8.52,8.52,6.63,
27/12/2012,8.52,8.52,8.52,6.63,
28/12/2012,8.52,8.52,8.52,6.63,
31/12/2012,8.52,8.52,8.52,6.63,
02/01/2013,8.52,8.52,8.52,8.52,
03/01/2013,8.52,8.52,8.52,8.52,
04/01/2013,8.52,8.52,8.52,8.52,
07/01/2013,8.52,8.52,8.52,8.52,
08/01/2013,8.52,8.53,8.53,8.52,
09/01/2013,8.53,8.73,8.73,8.52,
10/01/2013,8.73,8.78,8.78,8.52,
11/01/2013,8.78,8.78,8.78,8.52,
14/01/2013,8.78,8.78,8.78,8.52,
16/01/2013,8.78,8.78,8.78,8.52,
15/01/2013,8.78,8.78,8.78,8.52,
17/01/2013,8.78,8.78,8.78,8.52,
18/01/2013,8.78,9.03,9.03,8.52,
21/01/2013,9.03,9.11,9.11,8.52,
22/01/2013,9.11,9.16,9.16,8.52,
23/01/2013,9.16,9.16,9.16,8.52,
24/01/2013,9.16,9.16,9.16,8.52,
25/01/2013,9.16,10,10,8.52,
28/01/2013,10,10,10,8.52,
29/01/2013,10,10,10,8.52,
30/01/2013,10,10,10,8.52,
31/01/2013,10,10,10,8.52,
01/02/2013,10,10,10,8.52,
04/02/2013,10,10.03,10.03,8.52,
05/02/2013,10.03,10.03,10.03,8.52,
06/02/2013,10.03,10.06,10.06,8.52,
07/02/2013,10.06,10.2,10.2,8.52,
08/02/2013,10.2,10.2,10.2,8.52,
11/02/2013,10.2,10.2,10.2,8.52,
12/02/2013,10.2,10.2,10.2,8.52,
13/02/2013,10.2,10.2,10.2,8.52,
14/02/2013,10.2,10.2,10.2,8.52,
15/02/2013,10.2,10.23,10.23,8.52,
18/02/2013,10.23,10.23,10.23,8.52,
19/02/2013,10.23,10.4,10.4,8.52,
20/02/2013,10.4,10.43,10.43,8.52,
21/02/2013,10.43,10.43,10.43,8.52,
22/02/2013,10.43,10.46,10.43,8.52,
25/02/2013,10.46,10.6,10.6,8.52,
26/02/2013,10.6,10.62,10.62,8.52,
27/02/2013,10.62,10.62,10.62,8.52,
28/02/2013,10.62,10.62,10.62,8.52,
01/03/2013,10.62,10.85,10.62,8.52,
04/03/2013,10.85,10.85,10.62,8.52,
05/03/2013,10.85,10.85,10.62,8.52,
07/03/2013,10.85,10.85,10.62,8.52,
08/03/2013,10.85,10.85,10.62,8.52,
11/03/2013,10.85,10.85,10.62,8.52,
12/03/2013,10.85,10.85,10.62,8.52,
13/03/2013,10.85,10.85,10.62,8.52,
14/03/2013,10.85,10.85,10.62,8.52,
15/03/2013,10.85,11.55,11.55,8.52,
18/03/2013,11.55,11.55,11.55,8.52,
19/03/2013,11.55,11.55,11.55,8.52,
20/03/2013,11.55,11.55,11.55,8.52,
21/03/2013,11.55,12.17,12.17,8.52,
22/03/2013,12.17,12.17,12.17,8.52,
25/03/2013,12.17,12.2,12.2,8.52,
26/03/2013,12.2,12.22,12.22,8.52,
27/03/2013,12.22,12.22,12.22,8.52,
28/03/2013,12.22,12.22,12.22,8.52,
02/04/2013,12.22,12.22,12.22,8.52,
03/04/2013,12.22,12.23,12.23,8.52,
04/04/2013,12.23,12.23,12.23,8.52,
05/04/2013,12.23,12.23,12.23,8.52,
08/04/2013,12.23,12.23,12.23,8.52,
09/04/2013,12.23,12.23,12.23,8.52,
10/04/2013,12.23,12.23,12.23,8.52,
11/04/2013,12.23,12.23,12.23,8.52,
12/04/2013,12.23,12.23,12.23,8.52,
15/04/2013,12.23,12.23,12.23,8.52,
16/04/2013,12.23,12.23,12.23,8.52,
17/04/2013,12.23,12.23,12.23,8.52,
18/04/2013,12.23,12.23,12.23,8.52,
19/04/2013,12.23,12.23,12.23,8.52,
22/04/2013,12.23,12.23,12.23,8.52,
23/04/2013,12.23,12.23,12.23,8.52,
24/04/2013,12.23,12.23,12.23,8.52,
25/04/2013,12.23,13.49,13.49,8.52,
26/04/2013,13.49,13.49,13.49,8.52,
29/04/2013,13.49,13.5,13.5,8.52,
30/04/2013,13.5,13.5,13.5,8.52,
02/05/2013,13.5,13.5,13.5,8.52,
03/05/2013,13.5,13.5,13.5,8.52,
06/05/2013,13.5,14.5,14.5,8.52,
07/05/2013,14.5,14.5,14.5,8.52,
08/05/2013,14.5,14.5,14.5,8.52,
09/05/2013,14.5,14.5,14.5,8.52,
10/05/2013,14.5,14.5,14.5,8.52,
13/05/2013,14.5,14.5,14.5,8.52,
14/05/2013,14.5,14,14.5,8.52,
15/05/2013,14,14,14.5,8.52,
16/05/2013,14,14,14.5,8.52,
17/05/2013,14,14,14.5,8.52,
20/05/2013,14,14,14.5,8.52,
21/05/2013,14,14,14.5,8.52,
22/05/2013,14,14,14.5,8.52,
23/05/2013,14,14,14.5,8.52,
24/05/2013,14,14,14.5,8.52,
28/05/2013,14,14.5,14.5,8.52,
29/05/2013,14.5,14.2,14.5,8.52,
30/05/2013,14.2,14.47,14.5,8.52,
31/05/2013,14.47,14.47,14.5,8.52,
03/06/2013,14.47,14.47,14.5,8.52,
04/06/2013,14.47,14.51,14.51,8.52,
05/06/2013,14.51,14.51,14.51,8.52,
06/06/2013,14.51,14.52,14.52,8.52,
07/06/2013,14.52,14.52,14.52,8.52,
10/06/2013,14.52,14.52,14.52,8.52,
11/06/2013,14.52,14.7,14.7,8.52,
12/06/2013,14.7,14.7,14.7,8.52,
13/06/2013,14.7,15,15,8.52,
14/06/2013,15,15,15,8.52,
17/06/2013,15,15,15,8.52,
18/06/2013,15,15.1,15.1,8.52,
19/06/2013,15.1,15.1,15.1,8.52,
20/06/2013,15.1,15.1,15.1,8.52,
21/06/2013,15.1,15.1,15.1,8.52,
24/06/2013,15.1,15.1,15.1,8.52,
25/06/2013,15.1,15.1,15.1,8.52,
26/06/2013,15.1,15.1,15.1,8.52,
27/06/2013,15.1,15.1,15.1,8.52,
28/06/2013,15.1,15.1,15.1,8.52,
02/07/2013,15.1,15.1,15.1,8.52,
03/07/2013,15.1,15.1,15.1,8.52,
04/07/2013,15.1,15.1,15.1,8.52,
05/07/2013,15.1,15.1,15.1,8.52,
08/07/2013,15.1,15.1,15.1,8.52,
09/07/2013,15.1,15.1,15.1,8.52,
10/07/2013,15.1,15.1,15.1,8.52,
11/07/2013,15.1,15.1,15.1,8.52,
12/07/2013,15.1,15.15,15.15,8.52,
15/07/2013,15.15,15.15,15.15,8.52,
16/07/2013,15.15,15.15,15.15,8.52,
17/07/2013,15.15,15.15,15.15,8.52,
18/07/2013,15.15,15.14,15.15,8.52,
19/07/2013,15.14,15.14,15.15,8.52,
22/07/2013,15.14,15.1,15.15,8.52,
23/07/2013,15.1,15.1,15.15,8.52,
24/07/2013,15.1,15.1,15.15,8.52,
25/07/2013,15.1,15.1,15.15,8.52,
26/07/2013,15.1,15.1,15.15,8.52,
29/07/2013,15.1,15.1,15.15,8.52,
30/07/2013,15.1,15.1,15.15,8.52,
31/07/2013,15.1,15.1,15.15,15.1,
01/08/2013,15.1,15.1,15.15,15.1,
02/08/2013,15.1,15.1,15.15,15.1,
05/08/2013,15.1,15.11,15.15,15.1,
06/08/2013,15.11,15.11,15.15,15.1,
07/08/2013,15.11,15.11,15.15,15.1,
09/08/2013,15.11,15.11,15.15,15.1,
12/08/2013,15.11,15.11,15.15,15.1,
13/08/2013,15.11,15.11,15.15,15.1,
14/08/2013,15.11,15.12,15.15,8.52,
15/08/2013,15.12,15.12,15.15,8.52,
16/08/2013,15.12,15.14,15.15,8.52,
19/08/2013,15.14,15.15,15.15,8.52,
20/08/2013,15.15,15.15,15.15,8.52,
21/08/2013,15.15,15.15,15.15,8.52,
22/08/2013,15.15,15.15,15.15,8.52,
23/08/2013,15.15,15.17,15.17,8.52,
26/08/2013,15.17,15.17,15.17,8.52,
27/08/2013,15.17,15.17,15.17,8.52,
28/08/2013,15.17,15.17,15.17,8.52,
29/08/2013,15.17,15.17,15.17,8.52,
30/08/2013,15.17,15.18,15.18,8.52,
02/09/2013,15.18,15.18,15.18,8.52,
03/09/2013,15.18,15.18,15.18,8.52,
04/09/2013,15.18,15.18,15.18,8.52,
05/09/2013,15.18,15.18,15.18,8.52,
06/09/2013,15.18,15.18,15.18,8.52,
09/09/2013,15.18,15.18,15.18,8.52,
10/09/2013,15.18,15.18,15.18,8.52,
11/09/2013,15.18,15.18,15.18,8.52,
12/09/2013,15.18,16.97,17,8.52,
13/09/2013,16.97,16.97,17,8.52,
16/09/2013,16.97,16.2,17,8.52,
17/09/2013,16.2,16.2,17,8.52,
18/09/2013,16.2,16.2,17,8.52,
19/09/2013,16.2,16.2,17,8.52,
20/09/2013,16.2,16.2,17,8.52,
24/09/2013,16.2,16.8,17,8.52,
25/09/2013,16.8,16.8,17,8.52,
26/09/2013,16.8,16.78,17,8.52,
27/09/2013,16.78,16.78,17,8.52,
30/09/2013,16.78,16.78,17,8.52,
01/10/2013,16.78,16.78,17,8.52,
02/10/2013,16.78,16.78,17,8.52,
03/10/2013,16.78,16.78,17,8.52,
04/10/2013,16.78,16.78,17,8.52,
07/10/2013,16.78,16.78,17,8.52,
08/10/2013,16.78,16.78,17,8.52,
09/10/2013,16.78,16.78,17,8.52,
10/10/2013,16.78,16.78,17,8.52,
11/10/2013,16.78,16.78,17,8.52,
14/10/2013,16.78,16.78,17,8.52,
16/10/2013,16.78,16.78,17,8.52,
17/10/2013,16.78,16.78,17,8.52,
18/10/2013,16.78,16.78,17,8.52,
21/10/2013,16.78,16.78,17,8.52,
22/10/2013,16.78,16.78,17,8.52,
23/10/2013,16.78,16.78,17,8.52,
25/10/2013,18,18,18,8.52,
24/10/2013,16.78,18,18,8.52,
28/10/2013,18,18,18,8.52,
29/10/2013,18,18,18,8.52,
30/10/2013,18,18,18,8.52,
31/10/2013,18,18,18,8.52,
01/11/2013,18,18,18,8.52,
04/11/2013,18,18,18,8.52,
05/11/2013,18,18,18,8.52,
06/11/2013,18,18.29,18.29,8.52,
07/11/2013,18.29,18.29,18.29,8.52,
08/11/2013,18.29,18.29,18.29,8.52,
11/11/2013,18.29,18.29,18.29,8.52,
12/11/2013,18.29,18.29,18.29,8.52,
13/11/2013,18.29,18.29,18.29,8.52,
14/11/2013,18.29,18.29,18.29,8.52,
15/11/2013,18.29,18.29,18.29,8.52,
18/11/2013,18.29,18.29,18.29,8.52,
19/11/2013,18.29,18.29,18.29,8.52,
20/11/2013,18.29,18.29,18.29,8.52,
21/11/2013,18.29,18.29,18.29,8.52,
22/11/2013,18.29,18.29,18.29,8.52,
25/11/2013,18.29,18.29,18.29,8.52,
26/11/2013,18.29,18.29,18.29,8.52,
27/11/2013,18.29,18.29,18.29,8.52,
28/11/2013,18.29,18.29,18.29,8.52,
29/11/2013,18.29,18.28,18.29,8.52,
02/12/2013,18.28,18.29,18.29,8.52,
03/12/2013,18.29,18.29,18.29,8.52,
04/12/2013,18.29,18.29,18.29,8.52,
05/12/2013,18.29,18.29,18.29,8.52,
09/12/2013,18.29,18.29,18.29,8.52,
10/12/2013,18.29,18.29,18.29,8.52,
11/12/2013,18.29,18.29,18.29,8.52,
12/12/2013,18.29,18.29,18.29,8.52,
13/12/2013,18.29,18.29,18.29,8.52,
16/12/2013,18.29,18.29,18.29,8.52,
17/12/2013,18.29,18.29,18.29,8.52,
18/12/2013,18.29,18.29,18.29,8.52,
19/12/2013,18.29,18.29,18.29,8.52,
20/12/2013,18.29,18.3,18.3,8.52,
23/12/2013,18.3,18.31,18.3,8.52,
24/12/2013,18.31,18.31,18.3,8.52,
27/12/2013,18.31,18.31,18.3,8.52,
30/12/2013,18.31,18.31,18.3,8.52,
31/12/2013,18.31,18.31,18.3,8.52,
02/01/2014,18.31,18.31,18.31,18.31,
03/01/2014,18.31,18.1,18.31,18.1,
06/01/2014,18.1,18.1,18.31,18.1,
07/01/2014,18.1,18.1,18.31,18.1,
08/01/2014,18.1,18.1,18.31,18.1,
09/01/2014,18.1,18.1,18.31,18.1,
10/01/2014,18.1,18.1,18.31,18.1,
13/01/2014,18.1,18.1,18.31,18.1,
14/01/2014,18.1,18.1,18.31,18.1,
15/01/2014,18.1,18.1,18.31,18.1,
16/01/2014,18.1,18.1,18.31,18.1,
17/01/2014,18.1,18.1,18.31,18.1,
20/01/2014,18.1,18.1,18.31,18.1,
21/01/2014,18.1,18.1,18.31,18.1,
22/01/2014,18.1,18.1,18.31,18.1,
23/01/2014,18.1,18.1,18.31,18.1,
24/01/2014,18.1,18.1,18.31,18.1,
27/01/2014,18.1,18.1,18.31,18.1,
28/01/2014,18.1,18.1,18.31,18.1,
29/01/2014,18.1,18.1,18.31,18.1,
30/01/2014,18.1,18.1,18.31,18.1,
31/01/2014,18.1,18.1,18.31,18.1,
03/02/2014,18.1,18.1,18.31,18.1,
04/02/2014,18.1,18.1,18.31,18.1,
05/02/2014,18.1,18.1,18.31,18.1,
06/02/2014,18.1,18.1,18.31,18.1,
07/02/2014,18.1,18.1,18.31,18.1,
10/02/2014,18.1,18.1,18.31,18.1,
10/02/2014,18.1,18.1,18.31,18.1,
11/02/2014,18.1,18.1,18.31,18.1,
12/02/2014,18.1,18.1,18.31,18.1,
13/02/2014,18.1,18.1,18.31,18.1,
14/02/2014,18.1,18.1,18.31,18.1,
17/02/2014,18.1,18.1,18.31,18.1,
18/02/2014,18.1,18.1,18.31,18.1,
19/02/2014,18.1,18.1,18.31,18.1,
20/02/2014,18.1,18.1,18.31,18.1,
21/02/2014,18.1,18.1,18.31,18.1,
24/02/2014,18.1,18.1,18.31,18.1,
25/02/2014,18.1,18.1,18.31,18.1,
26/02/2014,18.1,18.1,18.31,18.1,
27/02/2014,18.1,18.1,18.31,18.1,
28/02/2014,18.1,18.1,18.31,18.1,
03/03/2014,18.1,18.1,18.31,18.1,
04/03/2014,18.1,18.1,18.31,18.1,
05/03/2014,18.1,18.1,18.31,18.1,
07/03/2014,18.1,18.1,18.31,18.1,
10/03/2014,18.1,18.1,18.31,18.1,
11/03/2014,18.1,18.1,18.31,18.1,
12/03/2014,18.1,18.09,18.31,18.09,
13/03/2014,18.09,18.09,18.31,18.09,
14/03/2014,18.09,18.09,18.31,18.09,
17/03/2014,18.09,18.09,18.31,18.09,
18/03/2014,18.09,18.09,18.31,18.09,
19/03/2014,18.09,18.09,18.31,18.09,
20/03/2014,18.09,18.09,18.31,18.09,
21/03/2014,18.09,18.09,18.31,18.09,
24/03/2014,18.09,18.09,18.31,18.09,
25/03/2014,18.09,18.09,18.31,18.09,
26/03/2014,18.09,18.09,18.31,18.09,
27/03/2014,18.09,18.09,18.31,18.09,
28/03/2014,18.09,18.09,18.31,18.09,
31/03/2014,18.09,18.09,18.31,18.09,
01/04/2014,18.09,18.09,18.31,18.09,
02/04/2014,18.09,18.09,18.31,18.09,
03/04/2014,18.09,18.09,18.31,18.09,
04/04/2014,18.09,18.09,18.31,18.09,
08/04/2014,18.09,18.09,18.31,18.09,
07/04/2014,18.09,18.09,18.31,18.09,
09/04/2014,18.09,18.09,18.31,18.09,
10/04/2014,18.09,18.09,18.31,18.09,
11/04/2014,18.09,18.09,18.31,18.09,
14/04/2014,18.09,18.09,18.31,18.09,
15/04/2014,18.09,18.09,18.31,18.09,
16/04/2014,18.09,18.08,18.31,18.08,
17/04/2014,18.08,18.08,18.31,18.08,
22/04/2014,18.08,18.08,18.31,18.08,
23/04/2014,18.08,18.08,18.31,18.08,
24/04/2014,18.08,18.08,18.31,18.08,
25/04/2014,18.08,18.08,18.31,18.08,
28/04/2014,18.08,18.08,18.31,18.08,
29/04/2014,18.08,18.08,18.31,18.08,
30/04/2014,18.08,18.08,18.31,18.08,
02/05/2014,18.08,18.08,18.31,18.08,
05/05/2014,18.08,18.08,18.31,18.08,
06/05/2014,18.08,18.08,18.31,18.08,
07/05/2014,18.08,18.08,18.31,18.08,
08/05/2014,18.08,18.08,18.31,18.08,
09/05/2014,18.08,18.08,18.31,18.08,
12/05/2014,18.08,18.08,18.31,18.08,
14/05/2014,18.08,18.08,18.31,18.08,
13/05/2014,18.08,18.08,18.31,18.08,
15/05/2014,18.08,18.05,18.31,18.05,
16/05/2014,18.05,18.05,18.31,18.05,
19/05/2014,18.05,18.05,18.31,18.05,
20/05/2014,18.05,18.05,18.31,18.05,
21/05/2014,18.05,18.05,18.31,18.05,
22/05/2014,18.05,17.98,18.31,17.98,
23/05/2014,17.98,17.98,18.31,17.98,
27/05/2014,17.98,17.98,18.31,17.98,
28/05/2014,17.98,17.98,18.31,17.98,
29/05/2014,17.98,17.98,18.31,17.98,
30/05/2014,17.98,17.98,18.31,17.98,
02/06/2014,17.98,17.98,18.31,17.98,
03/06/2014,17.98,17.98,18.31,17.98,
04/06/2014,17.98,17.9,18.31,17.9,
05/06/2014,17.9,17.9,18.31,17.9,
06/06/2014,17.9,17.9,18.31,17.9,
09/06/2014,17.9,17.9,18.31,17.9,
10/06/2014,17.9,17.9,18.31,17.9,
11/06/2014,17.9,17.9,18.31,17.9,
12/06/2014,17.9,17.9,18.31,17.9,
13/06/2014,17.9,17.62,18.31,17.62,
16/06/2014,17.62,17.62,18.31,17.62,
17/06/2014,17.62,17.62,18.31,17.62,
18/06/2014,17.62,17.62,18.31,17.62,
19/06/2014,17.62,17.62,18.31,17.62,
20/06/2014,17.62,17.62,18.31,17.62,
23/06/2014,17.62,17.62,18.31,17.62,
24/06/2014,17.62,17.62,18.31,17.62,
25/06/2014,17.62,17.62,18.31,17.62,
26/06/2014,17.62,17.62,18.31,17.62,
27/06/2014,17.62,17.6,18.31,17.6,
30/06/2014,17.6,17.6,18.31,17.6,
02/07/2014,17.6,17.6,18.31,17.6,
03/07/2014,17.6,17.6,18.31,17.6,
04/07/2014,17.6,17.6,18.31,17.6,
07/07/2014,17.6,17.6,18.31,17.6,
08/07/2014,17.6,17.6,18.31,17.6,
09/07/2014,17.6,17.6,18.31,17.6,
10/07/2014,17.6,17.6,18.31,17.6,
11/07/2014,17.6,17.6,18.31,17.6,
14/07/2014,17.6,17.6,18.31,17.6,
15/07/2014,17.6,17.6,18.31,17.6,
16/07/2014,17.6,17.6,18.31,17.6,
17/07/2014,17.6,17.6,18.31,17.6,
18/07/2014,17.6,17.6,18.31,17.6,
21/07/2014,17.6,17.6,18.31,17.6,
22/07/2014,17.6,17.6,18.31,17.6,
23/07/2014,17.6,17.6,18.31,17.6,
24/07/2014,17.6,17.6,18.31,17.6,
25/07/2014,17.6,17.6,18.31,17.6,
29/07/2014,17.6,17.6,18.31,17.6,
30/07/2014,17.6,17.6,18.31,17.6,
31/07/2014,17.6,17.6,18.31,17.6,
01/08/2014,17.6,17.6,18.31,17.6,
04/08/2014,17.6,17.6,18.31,17.6,
05/08/2014,17.6,17.6,18.31,17.6,
06/08/2014,17.6,17.6,18.31,17.6,
07/08/2014,17.6,17.6,18.31,17.6,
08/08/2014,17.6,17.6,18.31,17.6,
11/08/2014,17.6,17.6,18.31,17.6,
12/08/2014,17.6,17.6,18.31,17.6,
13/08/2014,17.6,17.6,18.31,17.6,
14/08/2014,17.6,17.6,18.31,17.6,
15/08/2014,17.6,17.6,18.31,17.6,
18/08/2014,17.6,17.5,18.31,17.5,
19/08/2014,17.5,17.5,18.31,17.6,
20/08/2014,17.5,17,18.31,17,
21/08/2014,17,17,18.31,17,
22/08/2014,17,17,18.31,17,
25/08/2014,17,17,18.31,17,
26/08/2014,17,17,18.31,17,
27/08/2014,17,17,18.31,17,
28/08/2014,17,17,18.31,17,
29/08/2014,17,17,18.31,17,
01/09/2014,17,17,18.31,17,
02/09/2014,17,17,18.31,17,
03/09/2014,17,17,18.31,17,
04/09/2014,17,17,18.31,17,
05/09/2014,17,17,18.31,17,
08/09/2014,14.95,14.94,18.31,14.94,
09/09/2014,14.94,14.94,18.31,14.94,
10/09/2014,14.94,14.94,18.31,14.94,
11/09/2014,14.94,15,18.31,14.94,
12/09/2014,15,15,18.31,14.94,
15/09/2014,15,15,18.31,14.94,
16/09/2014,15,15,18.31,14.94,
17/09/2014,15,15,18.31,14.94,
18/09/2014,15,15,18.31,14.94,
19/09/2014,15,15,18.31,14.94,
23/09/2014,15,15,18.31,14.94,
24/09/2014,15,15,18.31,14.94,
25/09/2014,15,15,18.31,14.94,
26/09/2014,15,15,18.31,14.94,
29/09/2014,15,15,18.31,14.94,
30/09/2014,15,15.75,18.31,14.94,
01/10/2014,15.75,15.75,18.31,14.94,
02/10/2014,15.75,15.74,18.31,14.94,
03/10/2014,15.74,15.74,18.31,14.94,
07/10/2014,15.74,15.74,18.31,14.94,
08/10/2014,15.74,15.74,18.31,14.94,
09/10/2014,15.74,15.74,18.31,14.94,
10/10/2014,15.74,15.74,18.31,14.94,
13/10/2014,15.74,15.74,18.31,14.94,
14/10/2014,15.74,15.74,18.31,14.94,
14/10/2014,15.74,15.74,18.31,14.94,
15/10/2014,15.74,15.74,18.31,14.94,
16/10/2014,15.74,15.74,18.31,14.94,
17/10/2014,15.74,14.5,18.31,14.94,
20/10/2014,14.5,14.5,18.31,14.94,
21/10/2014,14.5,14.5,18.31,14.94,
22/10/2014,14.5,14.5,18.31,14.5,
23/10/2014,14.5,14,18.31,14.5,
24/10/2014,14,14,18.31,14,
27/10/2014,14,14,18.31,14,
28/10/2014,14,14,18.31,14,
29/10/2014,14,14,18.31,14,
30/10/2014,14,14,18.31,14,
31/10/2014,14,13.45,18.31,13,
03/11/2014,13.45,13.45,18.31,13,
04/11/2014,13.45,12.49,18.31,13,
05/11/2014,12.49,12.49,18.31,13,
06/11/2014,12.49,12.49,18.31,13,
07/11/2014,12.49,12.49,18.31,13,
10/11/2014,12.49,12.5,18.31,13,
11/11/2014,12.5,12.5,18.31,13,
12/11/2014,12.5,12.5,18.31,13,
13/11/2014,12.5,12.4,18.31,12.4,
14/11/2014,12.4,12.4,18.31,12.4,
17/11/2014,12.4,12.4,18.31,12.4,
18/11/2014,12.4,12.37,18.31,12.37,
19/11/2014,12.37,12.37,18.31,12.37,
20/11/2014,12.37,12.37,18.31,12.37,
21/11/2014,12.37,12.37,18.31,12.37,
24/11/2014,12.37,12.37,18.31,12.37,
25/11/2014,12.37,12.37,18.31,12.37,
26/11/2014,12.37,12.37,18.31,12.37,
27/11/2014,12.37,12.37,18.31,12.37,
28/11/2014,12.37,10.8,18.31,10.8,
01/12/2014,10.8,10.8,18.31,10.8,
02/12/2014,10.8,10.8,18.31,10.8,
03/12/2014,10.8,10.8,18.31,10.8,
04/12/2014,10.8,10.7,18.31,10.7,
08/12/2014,10.7,10.7,18.31,10.7,
09/12/2014,10.7,10.7,18.31,10.7,
10/12/2014,10.7,10.7,18.31,10.7,
11/12/2014,10.7,10.7,18.31,10.7,
12/12/2014,10.7,10.7,18.31,10.7,
15/12/2014,10.7,10.7,18.31,10.7,
16/12/2014,10.7,10.7,18.31,10.7,
17/12/2014,10.7,10.7,18.31,10.7,
18/12/2014,10.7,10.7,18.31,10.7,
19/12/2014,10.7,10.7,18.31,10.7,
22/12/2014,10.7,10.7,18.31,10.7,
23/12/2014,10.7,10.7,18.31,10.7,
23/12/2014,10.7,10.7,18.31,10.7,
30/12/2014,10.7,10.7,18.31,10.7,
31/12/2014,10.7,10.7,18.31,10.7,
02/01/2015,10.7,10.7,10.7,10.7,
05/01/2015,10.7,10.7,10.7,10.7,
29/12/2014,10.7,10.7,18.31,10.7,
06/01/2015,10.7,10.7,10.7,10.7,
07/01/2015,10.7,10.7,10.7,10.7,
08/01/2015,10.7,10.7,10.7,10.7,
09/01/2015,10.7,10.7,10.7,10.7,
12/01/2015,10.7,10.7,10.7,10.7,
13/01/2015,10.7,10.7,10.7,10.7,
14/01/2015,10.7,10.7,10.7,10.7,
15/01/2015,10.7,10.7,10.7,10.7,
16/01/2015,10.7,10.7,10.7,10.7,
19/01/2015,10.7,10.7,10.7,10.7,
20/01/2015,10.7,10.55,10.7,10.55,
21/01/2015,10.55,10.55,10.7,10.55,
22/01/2015,10.55,10.55,10.7,10.55,
23/01/2015,10.55,10,10.7,10,
26/01/2015,10,10,10.7,10,
27/01/2015,10,10,10.7,10,
28/01/2015,10,10,10.7,10,
29/01/2015,10,10,10.7,10,
30/01/2015,10,10,10.7,10,
02/02/2015,10,10,10.7,10,
03/02/2015,10,10,10.7,10,
04/02/2015,10,10,10.7,10,
05/02/2015,10,10,10.7,10,
06/02/2015,10,9.5,10.7,9.5,
09/02/2015,9.5,9.5,10.7,9.5,
10/02/2015,9.5,8.5,10.7,8.5,
11/02/2015,8.5,8.5,10.7,8.5,
12/02/2015,8.5,8.5,10.7,8.5,
13/02/2015,8.5,8.5,10.7,8.5,
16/02/2015,8.5,8.5,10.7,8.5,
17/02/2015,8.5,8.5,10.7,8.5,
18/02/2015,8.5,8.5,10.7,8.5,
19/02/2015,8.5,8.5,10.7,8.5,
20/02/2015,8.5,8.5,10.7,8.5,
23/02/2015,8.41,8.41,10.7,8.41,
24/02/2015,8.41,8.41,10.7,8.41,
25/02/2015,8.41,8.41,10.7,8.41,
26/02/2015,8.4,8.4,10.7,8.4,
27/02/2015,8.4,8.4,10.7,8.4,
02/03/2015,8.4,8.4,10.7,8.4,
03/03/2015,8.4,8.4,10.7,8.4,
04/03/2015,8.4,8.39,10.7,8.39,
05/03/2015,8.39,8.39,10.7,8.39,
09/03/2015,8.39,8.39,10.7,8.39,
10/03/2015,8.39,8.39,10.7,8.39,
11/03/2015,8.39,8.39,10.7,8.39,
12/03/2015,8.39,8.39,10.7,8.39,
13/03/2015,8.39,8.39,10.7,8.39,
16/03/2015,8.39,8.39,10.7,8.39,
17/03/2015,8.39,8.39,10.7,8.39,
18/03/2015,8.5,8.5,10.7,8.39,
19/03/2015,8.5,8.5,10.7,8.39,
20/03/2015,8.5,8.5,10.7,8.39,
23/03/2015,8.5,8.5,10.7,8.39,
24/03/2015,8.5,8.5,10.7,8.39,
25/03/2015,8.5,8.5,10.7,8.39,
26/03/2015,8.5,8.5,10.7,8.39,
27/03/2015,8.5,8.5,10.7,8.39,
30/03/2015,8.5,8.5,10.7,8.39,
31/03/2015,8.5,8.5,10.7,8.39,
01/04/2015,8.5,8.5,10.7,8.39,
02/04/2015,8.5,8.5,10.7,8.39,
07/04/2015,8.5,8.5,10.7,8.39,
08/04/2015,8.5,8.5,10.7,8.39,
09/04/2015,7.31,7.31,10.7,7.31,
10/04/2015,7.31,7.31,10.7,7.31,
13/04/2015,7.31,7.31,10.7,7.31,
14/04/2015,7.5,7.5,10.7,7.31,
15/04/2015,7.5,7.5,10.7,7.31,
16/04/2015,7.5,7.5,10.7,7.31,
17/04/2015,7.5,7.5,10.7,7.31,
20/04/2015,7.5,7.5,10.7,7.31,
21/04/2015,7.5,7.5,10.7,7.31,
22/04/2015,7.5,7.5,10.7,7.31,
23/04/2015,7.5,7.5,10.7,7.31,
24/04/2015,7.5,7.5,10.7,7.31,
27/04/2015,7.5,7.5,10.7,7.31,
28/04/2015,7.5,7.5,10.7,7.31,
29/04/2015,7.5,7.5,10.7,7.31,
30/04/2015,7.5,7.5,10.7,7.31,
04/05/2015,7.5,7.5,10.7,7.31,
05/05/2015,7.5,7.5,10.7,7.31,
06/05/2015,7.5,7.5,10.7,7.31,
07/05/2015,7.5,7.31,10.7,7.31,
08/05/2015,7.31,7.31,10.7,7.31,
11/05/2015,7.5,7.5,10.7,7.31,
12/05/2015,7.5,7.5,10.7,7.31,
14/05/2015,7.5,7.5,10.7,7.31,
15/05/2015,7.5,7.5,10.7,7.31,
18/05/2015,7.5,7.5,10.7,7.31,
19/05/2015,7.5,7.5,10.7,7.31,
20/05/2015,7.5,7.5,10.7,7.31,
21/05/2015,7.5,7.5,10.7,7.31,
22/05/2015,7.5,7.5,10.7,7.31,
26/05/2015,7.5,7.5,10.7,7.31,
27/05/2015,7.5,7.5,10.7,7.31,
28/05/2015,7.5,7.5,10.7,7.31,
29/05/2015,7.51,7.52,10.7,7.31,
01/06/2015,7.52,7.52,10.7,7.31,
02/06/2015,7.52,7.52,10.7,7.31,
03/06/2015,7.52,7.52,10.7,7.31,
04/06/2015,7.52,7.52,10.7,7.31,
05/06/2015,7.52,7.52,10.7,7.31,
08/06/2015,7.52,7.52,10.7,7.31,
09/06/2015,7.52,7.52,10.7,7.31,
11/06/2015,7.52,7.52,10.7,7.31,
12/06/2015,7.55,7.55,10.7,7.31,
15/06/2015,7.55,7.55,10.7,7.31,
16/06/2015,7.55,7.55,10.7,7.31,
17/06/2015,7.52,7.52,10.7,7.31,
18/06/2015,7.52,7.52,10.7,7.31,
19/06/2015,7.52,7.52,10.7,7.31,
22/06/2015,7.52,7.53,10.7,7.31,
23/06/2015,7.53,7.53,10.7,7.31,
24/06/2015,7.53,7.53,10.7,7.31,
25/06/2015,7.53,7.53,10.7,7.31,
26/06/2015,7.53,7.53,10.7,7.31,
29/06/2015,7.53,7.53,10.7,7.31,
30/06/2015,7.53,7.53,10.7,7.31,
02/07/2015,7.53,7.53,10.7,7.31,
03/07/2015,7.53,7.53,10.7,7.31,
06/07/2015,7.53,7.53,10.7,7.31,
07/07/2015,7.53,7.53,10.7,7.31,
08/07/2015,7.53,7.53,10.7,7.31,
09/07/2015,7.52,7.52,10.7,7.31,
10/07/2015,7.52,7.52,10.7,7.31,
13/07/2015,7.52,7.52,10.7,7.31,
14/07/2015,7.52,7.52,10.7,7.31,
15/07/2015,7.52,7.52,10.7,7.31,
16/07/2015,7.52,7.52,10.7,7.31,
17/07/2015,7.52,7.53,10.7,7.31,
21/07/2015,7.53,7.53,10.7,7.31,
22/07/2015,7.3,7.3,10.7,7.3,
23/07/2015,7.3,7.3,10.7,7.3,
24/07/2015,7.3,7.3,10.7,7.3,
27/07/2015,7.3,7.3,10.7,7.3,
28/07/2015,7.3,7.3,10.7,7.3,
29/07/2015,7.3,7.3,10.7,7.3,
30/07/2015,7.3,7.3,10.7,7.3,
31/07/2015,7.3,7.3,10.7,7.3,
03/08/2015,7.3,7.3,10.7,7.3,
04/08/2015,7.3,7.3,10.7,7.3,
05/08/2015,7.3,7.3,10.7,7.3,
06/08/2015,7.3,7.3,10.7,7.3,
07/08/2015,7.3,7.3,10.7,7.3,
10/08/2015,7.35,7.35,10.7,7.3,
11/08/2015,7.35,7.35,10.7,7.3,
12/08/2015,7.35,7.35,10.7,7.3,
13/08/2015,7.35,7.35,10.7,7.3,
14/08/2015,7.36,7.36,10.7,7.3,
17/08/2015,7.38,7.38,10.7,7.3,
18/08/2015,7.38,7.38,10.7,7.3,
19/08/2015,7.38,7.38,10.7,7.3,
20/08/2015,7.38,7.38,10.7,7.3,
21/08/2015,7.4,7.4,10.7,7.3,
24/08/2015,7.4,7.4,10.7,7.3,
25/08/2015,7.4,7.4,10.7,7.3,
26/08/2015,7.4,7.4,10.7,7.3,
27/08/2015,7.4,7.4,10.7,7.3,
28/08/2015,7.4,7.4,10.7,7.3,
31/08/2015,7.41,7.41,10.7,7.3,
01/09/2015,7.41,7.41,10.7,7.3,
02/09/2015,7.41,7.41,10.7,7.3,
03/09/2015,7.41,7.41,10.7,7.3,
04/09/2015,7.41,7.41,10.7,7.3,
07/09/2015,7.45,7.5,10.7,7.3,
08/09/2015,7.5,7.5,10.7,7.3,
09/09/2015,7.5,7.52,10.7,7.3,
10/09/2015,7.52,7.52,10.7,7.3,
11/09/2015,7.52,7.54,10.7,7.3,
14/09/2015,7.6,7.6,10.7,7.3,
15/09/2015,7.6,7.6,10.7,7.3,
16/09/2015,7.62,7.62,10.7,7.3,
17/09/2015,7.62,7.62,10.7,7.3,
18/09/2015,7.65,7.65,10.7,7.3,
22/09/2015,7.65,7.65,10.7,7.3,
23/09/2015,7.65,7.65,10.7,7.3,
25/09/2015,7.65,7.65,10.7,7.3,
28/09/2015,7.65,7.65,10.7,7.3,
29/09/2015,7.7,7.7,10.7,7.3,
30/09/2015,7.71,7.71,10.7,7.3,
01/10/2015,7.73,7.73,10.7,7.3,
02/10/2015,7.73,7.73,10.7,7.3,
05/10/2015,7.76,7.79,10.7,7.3,
06/10/2015,7.76,7.79,10.7,7.3,
07/10/2015,7.82,7.82,10.7,7.3,
08/10/2015,7.82,7.82,10.7,7.3,
09/10/2015,7.82,7.82,10.7,7.3,
12/10/2015,7.82,7.82,10.7,7.3,
13/10/2015,7.82,7.82,10.7,7.3,
14/10/2015,7.82,7.82,10.7,7.3,
15/10/2015,7.82,7.82,10.7,7.3,
16/10/2015,7.82,7.82,10.7,7.3,
19/10/2015,7.82,7.82,10.7,7.3,
20/10/2015,7.82,7.84,10.7,7.3,
21/10/2015,7.84,7.84,10.7,7.3,
22/10/2015,7.84,7.84,10.7,7.3,
23/10/2015,7.84,7.85,10.7,7.3,
26/10/2015,7.85,7.85,10.7,7.3,
27/10/2015,7.85,7.85,10.7,7.3,
28/10/2015,7.85,7.85,10.7,7.3,
29/10/2015,7.85,7.85,10.7,7.3,
30/10/2015,7.85,7.85,10.7,7.3,
02/11/2015,7.85,7.85,10.7,7.3,
03/11/2015,7.85,7.85,10.7,7.3,
04/11/2015,7.85,7.85,10.7,7.3,
05/11/2015,7.85,7.85,10.7,7.3,
06/11/2015,7.85,7.85,10.7,7.3,
09/11/2015,7.85,7.85,10.7,7.3,
10/11/2015,7.85,7.85,10.7,7.3,
11/11/2015,7.86,7.87,10.7,7.3,
12/11/2015,7.86,7.87,10.7,7.3,
13/11/2015,7.87,7.87,10.7,7.3,
16/11/2015,7.87,7.87,10.7,7.3,
17/11/2015,7.87,7.87,10.7,7.3,
18/11/2015,7.87,7.87,10.7,7.3,
19/11/2015,7.87,7.87,10.7,7.3,
20/11/2015,7.87,7.87,10.7,7.3,
23/11/2015,7.87,7.87,10.7,7.3,
24/11/2015,7.87,7.87,10.7,7.3,
25/11/2015,7.87,7.88,10.7,7.3,
26/11/2015,7.88,7.88,10.7,7.3,
27/11/2015,7.88,7.89,10.7,7.3,
30/11/2015,7.89,7.89,10.7,7.3,
01/12/2015,7.89,7.89,10.7,7.3,
02/12/2015,7.89,7.89,10.7,7.3,
03/12/2015,7.89,7.89,10.7,7.3,
07/12/2015,7.89,7.89,10.7,7.3,
08/12/2015,7.89,7.89,10.7,7.3,
09/12/2015,7.89,7.89,10.7,7.3,
10/12/2015,7.89,7.89,10.7,7.3,
11/12/2015,7.89,7.89,10.7,7.3,
14/12/2015,7.89,7.89,10.7,7.3,
15/12/2015,7.89,8.5,10.7,7.3,
16/12/2015,8.5,8.5,10.7,7.3,
17/12/2015,8.5,8.5,10.7,7.3,
18/12/2015,8.5,8.5,10.7,7.3,
21/12/2015,8.5,8.5,10.7,7.3,
22/12/2015,8.5,8.5,10.7,7.3,
23/12/2015,8.5,8.5,10.7,7.3,
24/12/2015,8.5,8.5,10.7,7.3,
29/12/2015,8.5,8.5,10.7,7.3,
30/12/2015,8.5,8.5,10.7,7.3,
31/12/2015,8.5,8.5,10.7,7.3,
04/01/2016,8.5,8.5,8.5,8.5,
05/01/2016,8.5,8.5,8.5,8.5,
06/01/2016,8.5,8.5,8.5,8.5,
07/01/2016,8.5,8.5,8.5,8.5,
08/01/2016,8.5,8.5,8.5,8.5,
11/01/2016,8.5,8.5,8.5,8.5,
12/01/2016,8.5,8.5,8.5,8.5,
13/01/2016,8.5,8.5,8.5,8.5,
14/01/2016,8.5,8.5,8.5,8.5,
15/01/2016,8.5,8.5,8.5,8.5,
18/01/2016,8.5,8.5,8.5,8.5,
19/01/2016,8.5,8.5,8.5,8.5,
20/01/2016,8.5,8.5,8.5,8.5,
21/01/2016,8.5,8.5,8.5,8.5,
22/01/2016,8.5,8.5,8.5,8.5,
25/01/2016,8.5,8.5,8.5,8.5,
26/01/2016,8.5,8.5,8.5,8.5,
27/01/2016,8.5,8.5,8.5,8.5,
28/01/2016,8.5,8.5,8.5,8.5,
29/01/2016,8.5,8.5,8.5,8.5,
01/02/2016,8.5,8.5,8.5,8.5,
02/02/2016,8.5,8.5,8.5,8.5,
03/02/2016,8.5,8.5,8.5,8.5,
04/02/2016,8.5,8.5,8.5,8.5,
05/02/2016,8.5,8.5,8.5,8.5,
08/02/2016,8.5,8.5,8.5,8.5,
09/02/2016,8.5,8.5,8.5,8.5,
10/02/2016,8.5,8.5,8.5,8.5,
11/02/2016,8.5,8.5,8.5,8.5,
12/02/2016,8.5,8.5,8.5,8.5,
15/02/2016,8.5,8.5,8.5,8.5,
16/02/2016,8.5,8.5,8.5,8.5,
17/02/2016,8.5,8.5,8.5,8.5,
18/02/2016,8.5,8.5,8.5,8.5,
19/02/2016,8.5,8.5,8.5,8.5,
22/02/2016,8.5,8.5,8.5,8.5,
23/02/2016,8.5,8.5,8.5,8.5,
24/02/2016,8.5,8.5,8.5,8.5,
25/02/2016,8.5,8.5,8.5,8.5,
26/02/2016,8.5,8.5,8.5,8.5,
29/02/2016,8.5,8.5,8.5,8.5,
01/03/2016,8.5,8.5,8.5,8.5,
02/03/2016,8.5,8.5,8.5,8.5,
03/03/2016,8.5,8.5,8.5,8.5,
04/03/2016,8.5,8.5,8.5,8.5,
08/03/2016,8.5,8.5,8.5,8.5,
09/03/2016,8.5,8.5,8.5,8.5,
10/03/2016,8.5,8.5,8.5,8.5,
11/03/2016,8.5,8.5,8.5,8.5,
14/03/2016,8.5,8.5,8.5,8.5,
15/03/2016,8.5,8.5,8.5,8.5,
16/03/2016,8.5,8.7,8.7,8.5,
17/03/2016,8.7,8.7,8.7,8.5,
18/03/2016,8.7,8.7,8.7,8.5,
21/03/2016,8.7,8.7,8.7,8.5,
22/03/2016,8.7,8.7,8.7,8.5,
23/03/2016,8.7,8.7,8.7,8.5,
24/03/2016,8.7,8.7,8.7,8.5,
29/03/2016,8.7,8.7,8.7,8.5,
30/03/2016,8.7,8.7,8.7,8.5,
31/03/2016,8.7,8.7,8.7,8.5,
01/04/2016,8.7,8.7,8.7,8.5,
04/04/2016,8.7,8.7,8.7,8.5,
05/04/2016,8.7,8.7,8.7,8.5,
06/04/2016,8.7,8.7,8.7,8.5,
07/04/2016,8.7,8.7,8.7,8.5,
08/04/2016,8.7,8.7,8.7,8.5,
11/04/2016,8.7,8.7,8.7,8.5,
12/04/2016,8.7,8.7,8.7,8.5,
13/04/2016,8.7,8.5,8.7,8.5,
14/04/2016,8.5,8.5,8.7,8.5,
15/04/2016,8.5,8.5,8.7,8.5,
18/04/2016,8.5,8.5,8.7,8.5,
19/04/2016,8.5,8.5,8.7,8.5,
20/04/2016,8.5,8.5,8.7,8.5,
21/04/2016,8.5,8.5,8.7,8.5,
22/04/2016,8.5,8.5,8.7,8.5,
25/04/2016,8.5,8.5,8.7,8.5,
26/04/2016,8.5,8.5,8.7,8.5,
27/04/2016,8.5,8.49,8.7,8.49,
28/04/2016,8.49,8.49,8.7,8.49,
29/04/2016,8.49,8.49,8.7,8.49,
03/05/2016,8.49,8.49,8.7,8.49,
04/05/2016,8.49,8.48,8.7,8.48,
05/05/2016,8.49,8.48,8.7,8.48,
06/05/2016,8.48,8.48,8.7,8.48,
09/05/2016,8.48,8.48,8.7,8.48,
10/05/2016,8.48,8.48,8.7,8.48,
11/05/2016,8.48,8.48,8.7,8.48,
12/05/2016,8.48,8.48,8.7,8.48,
13/05/2016,8.48,8.48,8.7,8.48,
16/05/2016,8.48,8.48,8.7,8.48,
17/05/2016,8.48,8.48,8.7,8.48,
18/05/2016,8.48,8.48,8.7,8.48,
19/05/2016,8.48,8.48,8.7,8.48,
20/05/2016,8.48,8.48,8.7,8.48,
23/05/2016,8.48,8.48,8.7,8.48,
24/05/2016,8.48,8.48,8.7,8.48,
26/05/2016,8.48,8.48,8.7,8.48,
27/05/2016,8.48,8.47,8.7,8.47,
30/05/2016,8.48,8.47,8.7,8.47,
31/05/2016,8.48,8.47,8.7,8.47,
01/06/2016,8.48,8.47,8.7,8.47,
02/06/2016,8.48,8.47,8.7,8.47,
03/06/2016,8.48,8.47,8.7,8.47,
06/06/2016,8.47,8.48,8.7,8.47,
07/06/2016,8.48,8.47,8.7,8.47,
08/06/2016,8.47,8.47,8.7,8.47,
09/06/2016,8.47,8.47,8.7,8.47,
10/06/2016,8.47,8.47,8.7,8.47,
13/06/2016,8.47,8.47,8.7,8.47,
14/06/2016,8.47,8.47,8.7,8.47,
15/06/2016,8.47,8.47,8.7,8.47,
16/06/2016,8.47,8.47,8.7,8.47,
17/06/2016,8.47,8.48,8.7,8.47,
20/06/2016,8.48,8.48,8.7,8.47,
21/06/2016,8.48,8.48,8.7,8.47,
22/06/2016,8.48,8.48,8.7,8.47,
23/06/2016,8.48,8.48,8.7,8.47,
24/06/2016,8.48,8.48,8.7,8.47,
27/06/2016,8.48,8.48,8.7,8.47,
28/06/2016,8.48,8.48,8.7,8.47,
29/06/2016,8.48,8.48,8.7,8.47,
30/06/2016,8.48,8.48,8.7,8.47,
04/07/2016,8.48,8.48,8.7,8.47,
05/07/2016,8.48,8.47,8.7,8.47,
07/07/2016,8.47,8.47,8.7,8.47,
08/07/2016,8.47,8.47,8.7,8.47,
11/07/2016,8.47,8.47,8.7,8.47,
12/07/2016,8.47,8.48,8.7,8.47,
13/07/2016,8.48,8.48,8.7,8.47,
14/07/2016,8.48,8.48,8.7,8.47,
15/07/2016,8.48,8.48,8.7,8.47,
18/07/2016,8.48,8.48,8.7,8.47,
19/07/2016,8.48,8.48,8.7,8.47,
20/07/2016,8.48,8.48,8.7,8.47,
21/07/2016,8.48,8.48,8.7,8.47,
22/07/2016,8.48,8.48,8.7,8.47,
25/07/2016,8.48,8.48,8.7,8.47,
26/07/2016,8.48,8.48,8.7,8.47,
27/07/2016,8.48,8.48,8.7,8.47,
28/07/2016,8.48,8.48,8.7,8.47,
29/07/2016,8.48,8.48,8.7,8.47,
01/08/2016,8.48,8.48,8.7,8.47,
02/08/2016,8.48,8.48,8.7,8.47,
03/08/2016,8.48,8.48,8.7,8.47,
04/08/2016,8.48,8.48,8.7,8.47,
05/08/2016,8.48,8.48,8.7,8.47,
08/08/2016,8.48,8.48,8.7,8.47,
09/08/2016,8.48,8.48,8.7,8.47,
10/08/2016,8.48,8.48,8.7,8.47,
11/08/2016,8.48,8.48,8.7,8.47,
12/08/2016,8.48,8.48,8.7,8.47,
15/08/2016,8.48,8.48,8.7,8.47,
16/08/2016,8.48,8.48,8.7,8.47,
17/08/2016,8.48,8.48,8.7,8.47,
18/08/2016,8.48,8.48,8.7,8.47,
19/08/2016,8.48,8.48,8.7,8.47,
22/08/2016,8.48,8.48,8.7,8.47,
23/08/2016,8.48,8.48,8.7,8.47,
24/08/2016,8.48,8.48,8.7,8.47,
25/08/2016,8.48,8.48,8.7,8.47,
26/08/2016,8.48,8.48,8.7,8.47,
29/08/2016,8.48,8.48,8.7,8.47,
30/08/2016,8.48,8.48,8.7,8.47,
31/08/2016,8.48,8.48,8.7,8.47,
01/09/2016,8.48,8.48,8.7,8.47,
02/09/2016,8.48,8.48,8.7,8.47,
05/09/2016,8.48,8.48,8.7,8.47,
06/09/2016,8.48,8.48,8.7,8.47,
07/09/2016,8.48,8.48,8.7,8.47,
08/09/2016,8.48,8.48,8.7,8.47,
09/09/2016,8.48,8.48,8.7,8.47,
13/09/2016,8.48,8.48,8.7,8.47,
14/09/2016,8.48,8.48,8.7,8.47,
15/09/2016,8.48,8.48,8.7,8.47,
16/09/2016,8.48,8.48,8.7,8.47,
19/09/2016,8.48,8.48,8.7,8.47,
20/09/2016,8.48,8.48,8.7,8.47,
22/09/2016,8.48,8.48,8.7,8.47,
23/09/2016,8.48,8.48,8.7,8.47,
26/09/2016,8.48,8.48,8.7,8.47,
27/09/2016,8.48,8.48,8.7,8.47,
28/09/2016,8.48,8.48,8.7,8.47,
29/09/2016,8.48,8.48,8.7,8.47,
30/09/2016,8.48,8.48,8.7,8.47,
03/10/2016,8.48,8.48,8.7,8.47,
04/10/2016,8.48,8.47,8.7,8.47,
30/09/2016,8.48,8.48,8.7,8.47,
05/10/2016,8.47,8.47,8.7,8.47,
06/10/2016,8.47,8.47,8.7,8.47,
07/10/2016,8.47,8.47,8.7,8.47,
10/10/2016,8.47,8.47,8.7,8.47,
11/10/2016,8.47,8.47,8.7,8.47,
12/10/2016,8.47,8.47,8.7,8.47,
13/10/2016,8.47,8.47,8.7,8.47,
14/10/2016,8.47,8.47,8.7,8.47,
17/10/2016,8.47,8.47,8.7,8.47,
18/10/2016,8.47,8.47,8.7,8.47,
19/10/2016,8.47,8.47,8.7,8.47,
20/10/2016,8.47,8.47,8.7,8.47,
21/10/2016,8.47,8.47,8.7,8.47,
24/10/2016,8.47,8.47,8.7,8.47,
25/10/2016,8.47,8.47,8.7,8.47,
26/10/2016,8.47,8.47,8.7,8.47,
27/10/2016,8.47,8.47,8.7,8.47,
28/10/2016,8.47,8.47,8.7,8.47,
31/10/2016,8.47,8.47,8.7,8.47,
01/11/2016,8.47,8.47,8.7,8.47,
02/11/2016,8.47,8.47,8.7,8.47,
03/11/2016,8.47,8.47,8.7,8.47,
04/11/2016,8.47,8.47,8.7,8.47,
07/11/2016,8.47,8.47,8.7,8.47,
08/11/2016,8.47,8.47,8.7,8.47,
09/11/2016,8.47,8.47,8.7,8.47,
10/11/2016,8.47,8.47,8.7,8.47,
11/11/2016,8.47,8.47,8.7,8.47,
14/11/2016,8.47,8.47,8.7,8.47,
15/11/2016,8.47,8.47,8.7,8.47,
16/11/2016,8.47,8.47,8.7,8.47,
17/11/2016,8.47,8.47,8.7,8.47,
18/11/2016,8.47,8.47,8.7,8.47,
21/11/2016,8.47,8.47,8.7,8.47,
22/11/2016,8.47,8.47,8.7,8.47,
23/11/2016,8.47,8.47,8.7,8.47,
24/11/2016,8.47,8.47,8.7,8.47,
25/11/2016,8.47,8.47,8.7,8.47,
28/11/2016,8.47,8.47,8.7,8.47,
29/11/2016,8.47,8.5,8.7,8.47,
30/11/2016,8.5,8.5,8.7,8.47,
01/12/2016,8.5,8.5,8.7,8.47,
05/12/2016,8.5,8.5,8.7,8.47,
06/12/2016,8.5,8.5,8.7,8.47,
07/12/2016,8.5,8.5,8.7,8.47,
08/12/2016,8.5,8.5,8.7,8.47,
09/12/2016,8.5,8.5,8.7,8.47,
12/12/2016,8.5,8.5,8.7,8.47,
13/12/2016,8.5,8.5,8.7,8.47,
14/12/2016,8.5,8.5,8.7,8.47,
15/12/2016,8.5,8.51,8.7,8.47,
16/12/2016,8.51,8.51,8.7,8.47,
19/12/2016,8.51,8.51,8.7,8.47,
20/12/2016,8.51,8.51,8.7,8.47,
21/12/2016,8.51,8.51,8.7,8.47,
22/12/2016,8.51,8.51,8.7,8.47,
23/12/2016,8.51,8.51,8.7,8.47,
28/12/2016,8.51,8.51,8.7,8.47,
29/12/2016,8.51,8.51,8.7,8.47,
30/12/2016,8.51,8.51,8.7,8.47,
03/01/2017,8.51,8.51,8.51,8.51,
04/01/2017,8.51,8.51,8.51,8.51,
05/01/2017,8.51,8.51,8.51,8.51,
06/01/2017,8.51,8.51,8.51,8.51,
09/01/2017,8.51,8.51,8.51,8.51,
10/01/2017,8.51,8.51,8.51,8.51,
11/01/2017,8.51,8.51,8.51,8.51,
12/01/2017,8.51,8.51,8.51,8.51,
13/01/2017,8.51,8.51,8.51,8.51,
16/01/2017,8.51,8.51,8.51,8.51,
17/01/2017,8.51,8.51,8.51,8.51,
18/01/2017,8.51,8.51,8.51,8.51,
19/01/2017,8.51,8.51,8.51,8.51,
20/01/2017,8.51,8.51,8.51,8.51,
23/01/2017,8.51,8.51,8.51,8.51,
24/01/2017,8.51,8.51,8.51,8.51,
25/01/2017,8.51,8.51,8.51,8.51,
26/01/2017,8.51,8.51,8.51,8.51,
27/01/2017,8.51,8.51,8.51,8.51,
30/01/2017,8.51,8.51,8.51,8.51,
31/01/2017,8.51,8.51,8.51,8.51,
01/02/2017,8.51,8.51,8.51,8.51,
02/02/2017,8.51,8.51,8.51,8.51,
03/02/2017,8.51,8.74,8.74,8.51,
06/02/2017,8.74,8.76,8.76,8.51,
07/02/2017,8.76,8.76,8.76,8.51,
08/02/2017,8.76,8.76,8.76,8.51,
09/02/2017,8.76,8.76,8.76,8.51,
10/02/2017,8.76,8.78,8.78,8.51,
13/02/2017,8.76,8.79,8.79,8.51,
14/02/2017,8.76,8.79,8.79,8.51,
15/02/2017,8.79,8.85,8.85,8.51,
16/02/2017,8.85,8.85,8.85,8.51,
17/02/2017,8.85,8.85,8.85,8.51,
20/02/2017,8.85,8.85,8.85,8.51,
21/02/2017,8.85,8.85,8.85,8.51,
22/02/2017,8.85,8.85,8.85,8.51,
23/02/2017,8.85,8.85,8.85,8.51,
24/02/2017,8.85,8.85,8.85,8.51,
27/02/2017,8.85,8.85,8.85,8.51,
28/02/2017,8.85,8.85,8.85,8.51,
01/03/2017,8.85,8.86,8.86,8.51,
02/03/2017,8.85,8.86,8.86,8.51,
03/03/2017,8.86,8.86,8.86,8.51,
07/03/2017,8.86,8.86,8.86,8.51,
08/03/2017,8.86,8.86,8.86,8.51,
09/03/2017,8.86,8.86,8.86,8.51,
10/03/2017,8.86,8.87,8.87,8.51,
13/03/2017,8.87,9,9,8.51,
14/03/2017,9,9,9,8.51,
15/03/2017,9,9,9,8.51,
16/03/2017,9,9,9,8.51,
17/03/2017,9,9,9,8.51,
20/03/2017,9,9,9,8.51,
21/03/2017,9,9,9,8.51,
22/03/2017,9,9,9,8.51,
23/03/2017,9,9,9,8.51,
24/03/2017,9,9,9,8.51,
27/03/2017,9,9,9,8.51,
28/03/2017,9,9,9,8.51,
29/03/2017,9,9,9,8.51,
30/03/2017,9,9,9,8.51,
31/03/2017,9,9,9,8.51,
03/04/2017,9,9,9,8.51,
04/04/2017,9,9,9,8.51,
05/04/2017,9,9,9,8.51,
06/04/2017,9,9,9,8.51,
07/04/2017,9,9,9,8.51,
10/04/2017,9,9,9,8.51,
11/04/2017,9,9,9,8.51,
12/04/2017,9,9,9,8.51,
13/04/2017,9,9,9,8.51,
18/04/2017,9,9,9,8.51,
19/04/2017,9,9,9,8.51,
20/04/2017,9,9,9,8.51,
21/04/2017,9,8.9,9,8.51,
24/04/2017,8.9,8.9,9,8.51,
25/04/2017,8.9,9.05,9.05,8.51,
26/04/2017,9.05,9.05,9.05,8.51,
27/04/2017,9.05,9.05,9.05,8.51,
28/04/2017,9.05,9.05,9.05,8.51,
02/05/2017,9.05,9.05,9.05,8.51,
03/05/2017,9.05,9.05,9.05,8.51,
04/05/2017,9.05,9.05,9.05,8.51,
05/05/2017,9.05,9.05,9.05,8.51,
08/05/2017,9.05,9.05,9.05,8.51,
09/05/2017,9.05,9,9.05,8.51,
10/05/2017,9,9,9.05,8.51,
11/05/2017,9,9,9.05,8.51,
12/05/2017,9,9,9.05,8.51,
15/05/2017,9,9,9.05,8.51,
16/05/2017,9,9.05,9.05,8.51,
17/05/2017,9,9.05,9.05,8.51,
18/05/2017,9.05,9.05,9.05,8.51,
19/05/2017,9.05,9.05,9.05,8.51,
22/05/2017,9.05,9.05,9.05,8.51,
23/05/2017,9.05,9,9.05,8.51,
24/05/2017,9.05,9,9.05,8.51,
26/05/2017,9.05,9,9.05,8.51,
29/05/2017,9.05,9.02,9.05,8.51,
30/05/2017,9.05,9,9.05,8.51,
31/05/2017,9.05,9,9.05,8.51,
01/06/2017,9.05,9,9.05,8.51,
02/06/2017,9.05,9,9.05,8.51,
05/06/2017,9.05,9,9.05,8.51,
06/06/2017,9,9,9.05,8.51,
07/06/2017,9,9,9.05,8.51,
08/06/2017,9,8.9,9.05,8.51,
09/06/2017,8.9,8.9,9.05,8.51,
12/06/2017,8.9,8.9,9.05,8.51,
13/06/2017,8.9,8.9,9.05,8.51,
14/06/2017,8.9,8.9,9.05,8.51,
15/06/2017,8.9,8.9,9.05,8.51,
16/06/2017,8.9,8.9,9.05,8.51,
19/06/2017,8.9,9,9.05,8.51,
20/06/2017,8.9,9,9.05,8.51,
21/06/2017,8.9,9,9.05,8.51,
22/06/2017,8.9,9,9.05,8.51,
23/06/2017,8.9,9,9.05,8.51,
27/06/2017,8.9,9,9.05,8.51,
28/06/2017,8.9,9,9.05,8.51,
29/06/2017,9,9,9.05,8.51,
30/06/2017,9,9,9.05,8.51,
04/07/2017,9,9,9.05,8.51,
05/07/2017,9,9,9.05,8.51,
06/07/2017,9,9,9.05,8.51,
07/07/2017,9,9,9.05,8.51,
10/07/2017,9,9,9.05,8.51,
11/07/2017,9,9,9.05,8.51,
12/07/2017,9,9,9.05,8.51,
13/07/2017,9,9,9.05,8.51,
14/07/2017,9,9,9.05,8.51,
17/07/2017,9,9,9.05,8.51,
18/07/2017,9,9,9.05,8.51,
19/07/2017,9,9,9.05,8.51,
20/07/2017,9,9.01,9.05,8.51,
21/07/2017,9,9.01,9.05,8.51,
24/07/2017,9.01,9.01,9.05,8.51,
25/07/2017,9.01,9.01,9.05,8.51,
26/07/2017,9.01,9.01,9.05,8.51,
27/07/2017,9.01,9.01,9.05,8.51,
28/07/2017,9.01,9.01,9.05,8.51,
31/07/2017,9.01,9.01,9.05,8.51,
01/08/2017,9.01,9.01,9.05,8.51,
02/08/2017,9.01,9.01,9.05,8.51,
03/08/2017,9.01,9.01,9.05,8.51,
04/08/2017,9.01,9.01,9.05,8.51,
07/08/2017,9.01,9.01,9.05,8.51,
08/08/2017,9.01,9.02,9.05,8.51,
09/08/2017,9.02,9.05,9.05,8.51,
10/08/2017,9.05,9.05,9.05,8.51,
11/08/2017,9.05,9.05,9.05,8.51,
14/08/2017,9.05,9.05,9.05,8.51,
15/08/2017,9.05,9.05,9.05,8.51,
16/08/2017,9.05,9.05,9.05,8.51,
17/08/2017,9.05,9.05,9.05,8.51,
18/08/2017,9.05,9.05,9.05,8.51,
21/08/2017,9.05,9.06,9.05,8.51,
22/08/2017,9.06,9.06,9.05,8.51,
23/08/2017,9.06,9.06,9.05,8.51,
24/08/2017,9.06,9.06,9.05,8.51,
25/08/2017,9.06,9.06,9.05,8.51,
28/08/2017,9.06,9.06,9.05,8.51,
29/08/2017,9.06,9.06,9.05,8.51,
30/08/2017,9.06,9.1,9.1,8.51,
31/08/2017,9.1,9.11,9.11,8.51,
04/09/2017,9.11,10.42,10.42,8.51,
05/09/2017,10.42,10.42,10.42,8.51,
06/09/2017,10.42,10.42,10.42,8.51,
07/09/2017,10.42,10.42,10.42,8.51,
08/09/2017,10.42,10.42,10.42,8.51,
11/09/2017,10.42,10.45,10.45,8.51,
12/09/2017,10.45,10.45,10.45,8.51,
13/09/2017,10.45,10.5,10.5,8.51,
14/09/2017,10.5,10.55,10.55,8.51,
15/09/2017,10.55,10.55,10.55,8.51,
18/09/2017,10.55,10.55,10.55,8.51,
19/09/2017,10.55,10.55,10.55,8.51,
20/09/2017,10.55,10.55,10.55,8.51,
22/09/2017,10.55,10.55,10.55,8.51,
25/09/2017,10.55,10.55,10.55,8.51,
26/09/2017,10.55,10.55,10.55,8.51,
27/09/2017,10.55,10.55,10.55,8.51,
28/09/2017,10.55,10.55,10.55,8.51,
29/09/2017,10.55,10.55,10.55,8.51,
02/10/2017,10.55,10.55,10.55,8.51,
03/10/2017,10.55,10.55,10.55,8.51,
04/10/2017,10.55,10.55,10.55,8.51,
05/10/2017,10.55,10.55,10.55,8.51,
06/10/2017,10.55,10.55,10.55,8.51,
09/10/2017,10.55,10.55,10.55,8.51,
10/10/2017,10.55,10.55,10.55,8.51,
11/10/2017,10.55,10.55,10.55,8.51,
12/10/2017,10.55,10.55,10.55,8.51,
13/10/2017,10.55,10.55,10.55,8.51,
16/10/2017,10.55,10.55,10.55,8.51,
17/10/2017,10.55,10.56,10.56,8.51,
18/10/2017,10.56,10.56,10.56,8.51,
19/10/2017,10.56,10.56,10.56,8.51,
20/10/2017,10.56,10.56,10.56,8.51,
23/10/2017,10.56,10.56,10.56,8.51,
24/10/2017,10.56,10.56,10.56,8.51,
25/10/2017,10.56,10.6,10.6,8.51,
26/10/2017,10.6,10.6,10.6,8.51,
27/10/2017,10.6,10.6,10.6,8.51,
30/10/2017,10.6,10.6,10.6,8.51,
31/10/2017,10.6,10.6,10.6,8.51,
01/11/2017,10.6,10.6,10.6,8.51,
02/11/2017,10.6,10.99,11,8.51,
03/11/2017,10.99,10.99,11,8.51,
06/11/2017,10.99,12.64,12.64,8.51,
07/11/2017,12.64,12.64,12.64,8.51,
08/11/2017,12.64,12.64,12.64,8.51,
09/11/2017,12.64,12.64,12.64,8.51,
10/11/2017,12.64,12.64,12.64,8.51,
13/11/2017,12.64,12.66,12.66,8.51,
14/11/2017,12.66,12.66,12.66,8.51,
15/11/2017,12.66,12.66,12.66,8.51,
16/11/2017,12.66,12.66,12.66,8.51,
17/11/2017,12.66,12.66,12.66,8.51,
20/11/2017,12.66,12.66,12.66,8.51,
21/11/2017,12.66,12.66,12.66,8.51,
22/11/2017,12.66,12.66,12.66,8.51,
23/11/2017,12.66,12.8,12.8,8.51,
24/11/2017,12.8,12.8,12.8,8.51,
27/11/2017,12.8,12.8,12.8,8.51,
28/11/2017,12.8,12.8,12.8,8.51,
29/11/2017,12.8,12.8,12.8,8.51,
30/11/2017,12.8,12.8,12.8,8.51,
04/12/2017,12.8,12.8,12.8,8.51,
05/12/2017,12.8,12.8,12.8,8.51,
06/12/2017,12.8,12.8,12.8,8.51,
07/12/2017,12.8,12.8,12.8,8.51,
08/12/2017,12.8,12.82,12.82,8.51,
11/12/2017,12.82,12.82,12.82,8.51,
12/12/2017,12.82,12.83,12.83,8.51,
13/12/2017,12.83,12.83,12.83,8.51,
14/12/2017,12.83,12.83,12.83,8.51,
15/12/2017,12.83,12.83,12.83,8.51,
18/12/2017,12.83,12.83,12.83,8.51,
19/12/2017,12.83,12.83,12.83,8.51,
20/12/2017,12.83,12.83,12.83,8.51,
21/12/2017,12.83,12.83,12.83,8.51,
21/12/2017,12.83,12.83,12.83,8.51,
27/12/2017,12.83,12.83,12.83,8.51,
28/12/2017,12.83,12.84,12.84,8.51,
29/12/2017,12.83,12.84,12.84,8.51,
02/01/2018,12.84,12.84,12.84,12.84,
03/01/2018,12.84,12.85,12.85,12.84,
04/01/2018,12.85,12.85,12.85,12.84,
05/01/2018,12.85,12.85,12.85,12.84,
08/01/2018,12.85,12.85,12.85,12.84,
09/01/2018,12.85,12.9,12.9,12.84,
10/01/2018,12.9,12.9,12.9,12.84,
11/01/2018,12.9,12.9,12.9,12.84,
12/01/2018,12.9,12.9,12.9,12.84,
15/01/2018,12.9,12.9,12.9,12.84,
16/01/2018,12.9,12.9,12.9,12.84,
17/01/2018,12.9,13.1,13.1,12.84,
18/01/2018,12.9,13.13,13.13,12.84,
19/01/2018,12.9,13.13,13.13,12.84,
22/01/2018,12.9,13.13,13.13,12.84,
23/01/2018,13.16,14,14,12.84,
24/01/2018,13.16,14,14,12.84,
25/01/2018,14,13.56,14,12.84,
26/01/2018,13.56,13.56,14,12.84,
29/01/2018,13.56,13.56,14,12.84,
30/01/2018,13.56,13.56,14,12.84,
31/01/2018,13.56,14.33,14.5,12.84,
01/02/2018,14.33,14.33,14.5,12.84,
02/02/2018,14.33,14.33,14.5,12.84,
05/02/2018,14.33,15.87,16,12.84,
06/02/2018,15.87,16,16,12.84,
07/02/2018,16,16,16,12.84,
08/02/2018,16,16,16,12.84,
09/02/2018,16,16,16,12.84,
12/02/2018,16,16,16,12.84,
13/02/2018,16,16.11,16.11,12.84,
14/02/2018,16.11,16.14,16.14,12.84,
15/02/2018,16.14,16.17,16.17,12.84,
16/02/2018,16.17,16.17,16.17,12.84,
19/02/2018,16.17,16.19,16.19,12.84,
20/02/2018,16.19,16.21,16.21,12.84,
21/02/2018,16.21,16.25,16.26,12.84,
22/02/2018,16.25,16.25,16.26,12.84,
23/02/2018,16.25,16.25,16.26,12.84,
26/02/2018,16.25,16.26,16.26,12.84,
27/02/2018,16.26,16.26,16.26,12.84,
28/02/2018,16.26,16.26,16.26,12.84,
01/03/2018,16.26,16.26,16.26,12.84,
02/03/2018,16.26,16.26,16.26,12.84,
05/03/2018,16.26,16.26,16.26,12.84,
07/03/2018,16.26,16.27,16.3,12.84,
08/03/2018,16.27,16.27,16.3,12.84,
09/03/2018,16.27,16.27,16.3,12.84,
12/03/2018,16.27,16.27,16.3,12.84,
13/03/2018,16.27,16.3,16.3,12.84,
14/03/2018,16.3,16.3,16.3,12.84,
15/03/2018,16.3,16.3,16.3,12.84,
16/03/2018,16.3,16.3,16.3,12.84,
19/03/2018,16.3,16.31,16.31,12.84,
20/03/2018,16.31,16.31,16.31,12.84,
21/03/2018,16.31,16.31,16.31,12.84,
22/03/2018,16.31,16.31,16.31,12.84,
23/03/2018,16.31,16.31,16.31,12.84,
26/03/2018,16.31,16.8,16.8,12.84,
27/03/2018,16.8,16.8,16.8,12.84,
28/03/2018,16.8,16.8,16.8,12.84,
29/03/2018,16.8,16.8,16.8,12.84,
03/04/2018,16.8,16.8,16.8,12.84,
04/04/2018,16.8,16.8,16.8,12.84,
05/04/2018,16.8,16.83,16.84,12.84,
06/04/2018,16.83,16.83,16.84,12.84,
09/04/2018,16.83,16.86,16.86,12.84,
10/04/2018,16.86,16.86,16.86,12.84,
11/04/2018,16.86,16.86,16.86,12.84,
12/04/2018,16.86,16.86,16.86,12.84,
13/04/2018,16.86,16.86,16.86,12.84,
16/04/2018,16.86,16.9,16.9,12.84,
17/04/2018,16.9,16.9,16.9,12.84,
18/04/2018,16.9,16.9,16.9,12.84,
19/04/2018,16.9,16.9,16.9,12.84,
20/04/2018,16.9,16.9,16.9,12.84,
23/04/2018,16.9,16.9,16.9,12.84,
24/04/2018,16.9,16.9,16.9,12.84,
25/04/2018,16.9,16.9,16.9,12.84,
26/04/2018,16.9,16.9,16.9,12.84,
27/04/2018,16.9,16.9,16.9,12.84,
30/04/2018,16.9,16.9,16.9,12.84,
02/05/2018,16.9,16.9,16.9,12.84,
03/05/2018,16.9,16.9,16.9,12.84,
04/05/2018,16.9,16.9,16.9,12.84,
07/05/2018,16.9,16.94,16.95,12.84,
08/05/2018,16.94,16.94,16.95,12.84,
09/05/2018,16.94,16.94,16.95,12.84,
10/05/2018,16.94,17.5,17.5,12.84,
11/05/2018,17.5,17.5,17.5,12.84,
14/05/2018,17.5,17.5,17.5,12.84,
15/05/2018,17.5,17.5,17.5,12.84,
16/05/2018,17.5,17.5,17.5,12.84,
17/05/2018,17.5,17.51,17.51,12.84,
18/05/2018,17.51,17.51,17.51,12.84,
21/05/2018,17.51,17.51,17.51,12.84,
22/05/2018,17.51,17.51,17.51,12.84,
23/05/2018,17.51,17.51,17.51,12.84,
24/05/2018,17.51,17.62,17.62,12.84,
28/05/2018,17.51,17.62,17.62,12.84,
29/05/2018,17.62,17.63,17.63,12.84,
30/05/2018,17.63,17.63,17.63,12.84,
31/05/2018,17.63,17.63,17.63,12.84,
01/06/2018,17.63,17.63,17.63,12.84,
04/06/2018,17.63,17.63,17.63,12.84,
05/06/2018,17.63,17.63,17.63,12.84,
06/06/2018,17.63,17.65,17.65,12.84,
07/06/2018,17.65,17.65,17.65,12.84,
08/06/2018,17.65,17.65,17.65,12.84,
11/06/2018,17.65,17.73,17.8,12.84,
12/06/2018,17.73,17.73,17.8,12.84,
13/06/2018,17.73,17.73,17.8,12.84,
14/06/2018,17.73,17.73,17.8,12.84,
18/06/2018,17.73,17.73,17.8,12.84,
19/06/2018,17.73,17.73,17.8,12.84,
20/06/2018,17.73,17.73,17.8,12.84,
21/06/2018,17.73,17.73,17.8,12.84,
22/06/2018,17.73,17.73,17.8,12.84,
25/06/2018,17.73,17.73,17.8,12.84,
26/06/2018,17.73,17.7,17.8,12.84,
27/06/2018,17.7,17.7,17.8,12.84,
28/06/2018,17.7,17.8,17.8,12.84,
29/06/2018,17.8,17.8,17.8,12.84,
03/07/2018,17.8,17.81,17.81,12.84,
04/07/2018,17.81,17.81,17.81,12.84,
05/07/2018,17.81,17.81,17.81,12.84,
06/07/2018,17.81,17.81,17.81,12.84,
09/07/2018,17.81,17.81,17.81,12.84,
10/07/2018,17.81,17.81,17.81,12.84,
11/07/2018,17.81,17.81,17.81,12.84,
12/07/2018,17.81,17.81,17.81,12.84,
13/07/2018,17.81,17.81,17.81,12.84,
16/07/2018,17.81,17.81,17.81,12.84,
17/07/2018,17.81,17.81,17.81,12.84,
18/07/2018,17.81,17.81,17.81,12.84,
19/07/2018,17.81,17.81,17.81,12.84,
20/07/2018,17.81,17.81,17.81,12.84,
23/07/2018,17.81,17.81,17.81,12.84,
24/07/2018,17.81,17.81,17.81,12.84,
25/07/2018,17.81,17.81,17.81,12.84,
26/07/2018,17.81,17.81,17.81,12.84,
27/07/2018,17.81,17.81,17.81,12.84,
30/07/2018,17.81,17.81,17.81,12.84,
31/07/2018,17.81,17.81,17.81,12.84,
01/08/2018,17.81,17.81,17.81,12.84,
02/08/2018,17.81,17.81,17.81,12.84,
03/08/2018,17.81,17.81,17.81,12.84,
06/08/2018,17.81,17.81,17.81,12.84,
07/08/2018,17.81,17.81,17.81,12.84,
08/08/2018,17.81,17.81,17.81,12.84,
09/08/2018,17.81,17.81,17.81,12.84,
10/08/2018,17.81,17.81,17.81,12.84,
13/08/2018,17.81,17.81,17.81,12.84,
14/08/2018,17.81,17.81,17.81,12.84,
15/08/2018,17.81,17.81,17.81,12.84,
16/08/2018,17.81,17.81,17.81,12.84,
17/08/2018,17.81,17.81,17.81,12.84,
20/08/2018,17.81,17.81,17.81,12.84,
22/08/2018,17.81,17.81,17.81,12.84,
23/08/2018,17.81,17.81,17.81,12.84,
24/08/2018,17.81,17.81,17.81,12.84,
27/08/2018,17.81,17.81,17.81,12.84,
28/08/2018,17.81,17.81,17.81,12.84,
29/08/2018,17.81,17.81,17.81,12.84,
30/08/2018,17.81,17.81,17.81,12.84,
31/08/2018,17.81,17.81,17.81,12.84,
03/09/2018,17.81,17.81,17.81,12.84,
04/09/2018,17.81,17.81,17.81,12.84,
05/09/2018,17.81,17.81,17.81,12.84,
06/09/2018,17.81,17.81,17.81,12.84,
07/09/2018,17.81,17.81,17.81,12.84,
10/09/2018,17.81,17.81,17.81,12.84,
11/09/2018,17.81,17.81,17.81,12.84,
12/09/2018,17.81,17.81,17.81,12.84,
13/09/2018,17.81,17.81,17.81,12.84,
14/09/2018,17.81,17.81,17.81,12.84,
17/09/2018,17.81,17.81,17.81,12.84,
18/09/2018,17.81,17.81,17.81,12.84,
19/09/2018,17.81,17.81,17.81,12.84,
20/09/2018,17.81,17.81,17.81,12.84,
24/09/2018,17.81,17.81,17.81,12.84,
25/09/2018,17.81,17.81,17.81,12.84,
26/09/2018,17.81,17.81,17.81,12.84,
27/09/2018,17.81,17.81,17.81,12.84,
28/09/2018,17.81,17.81,17.81,12.84,
01/10/2018,17.81,17.81,17.81,12.84,
02/10/2018,17.81,17.81,17.81,12.84,
03/10/2018,17.81,17.81,17.81,12.84,
04/10/2018,17.81,17.81,17.81,12.84,
05/10/2018,17.81,17.8,17.81,12.84,
08/10/2018,17.8,17.8,17.81,12.84,
09/10/2018,17.8,17.79,17.81,12.84,
10/10/2018,17.79,17.79,17.81,12.84,
11/10/2018,17.79,17.79,17.81,12.84,
12/10/2018,17.79,17.79,17.81,12.84,
15/10/2018,17.79,17.79,17.81,12.84,
16/10/2018,17.79,17.79,17.81,12.84,
17/10/2018,17.79,17.79,17.81,12.84,
18/10/2018,17.79,17.79,17.81,12.84,
19/10/2018,17.79,17.79,17.81,12.84,
22/10/2018,17.79,17.79,17.81,12.84,
23/10/2018,17.79,17.79,17.81,12.84,
24/10/2018,17.79,17.79,17.81,12.84,
24/10/2018,17.79,17.79,17.81,12.84,
26/10/2018,17.79,17.79,17.81,12.84,
29/10/2018,17.79,17.79,17.81,12.84,
30/10/2018,17.79,17.79,17.81,12.84,
31/10/2018,17.79,17.79,17.81,12.84,
01/11/2018,17.79,17.79,17.81,12.84,
02/11/2018,17.79,17.79,17.81,12.84,
05/11/2018,17.79,17.79,17.81,12.84,
06/11/2018,17.79,17.78,17.81,12.84,
07/11/2018,17.78,17.78,17.81,12.84,
08/11/2018,17.78,17.78,17.81,12.84,
09/11/2018,17.78,17.78,17.81,12.84,
12/11/2018,17.78,17.78,17.81,12.84,
13/11/2018,17.78,17.78,17.81,12.84,
14/11/2018,17.78,17.78,17.81,12.84,
15/11/2018,17.78,17.78,17.81,12.84,
16/11/2018,17.78,17.76,17.81,12.84,
19/11/2018,17.76,17.76,17.81,12.84,
20/11/2018,17.76,17.76,17.81,12.84,
21/11/2018,17.76,17.76,17.81,12.84,
22/11/2018,17.76,17.76,17.81,12.84,
23/11/2018,17.76,17.76,17.81,12.84,
26/11/2018,17.76,17.76,17.81,12.84,
27/11/2018,17.76,17.77,17.81,12.84,
28/11/2018,17.77,17.78,17.81,12.84,
29/11/2018,17.78,17.78,17.81,12.84,
30/11/2018,17.78,17.78,17.81,12.84,
03/12/2018,17.78,17.78,17.81,12.84,
04/12/2018,17.78,17.78,17.81,12.84,
05/12/2018,17.78,17.78,17.81,12.84,
06/12/2018,17.78,17.78,17.81,12.84,
10/12/2018,17.78,17.78,17.81,12.84,
11/12/2018,17.78,17.78,17.81,12.84,
12/12/2018,17.78,17.78,17.81,12.84,
13/12/2018,17.78,17.78,17.81,12.84,
14/12/2018,17.78,17.78,17.81,12.84,
17/12/2018,17.78,17.78,17.81,12.84,
18/12/2018,17.78,17.78,17.81,12.84,
19/12/2018,17.78,17.78,17.81,12.84,
20/12/2018,17.78,17.78,17.81,12.84,
21/12/2018,17.78,17.78,17.81,12.84,
24/12/2018,17.78,17.78,17.81,12.84,
27/12/2018,17.78,17.78,17.81,12.84,
28/12/2018,17.78,17.78,17.81,12.84,
31/12/2018,17.78,17.78,17.81,12.84,
02/01/2019,17.78,17.78,17.78,17.78,
03/01/2019,17.78,17.78,17.78,17.78,
04/01/2019,17.78,17.78,17.78,17.78,
08/01/2019,17.78,17.78,17.78,17.78,
09/01/2019,17.78,17.78,17.78,17.78,
10/01/2019,17.78,17.78,17.78,17.78,
11/01/2019,17.78,17.78,17.78,17.78,
14/01/2019,17.78,17.78,17.78,17.78,
15/01/2019,17.78,17.78,17.78,17.78,
16/01/2019,17.78,17.78,17.78,17.78,
17/01/2019,17.78,17.78,17.78,17.78,
18/01/2019,17.78,17.78,17.78,17.78,
21/01/2019,17.78,17.78,17.78,17.78,
22/01/2019,17.78,17.78,17.78,17.78,
23/01/2019,17.78,17.78,17.78,17.78,
24/01/2019,17.78,17.78,17.78,17.78,
25/01/2019,17.78,17.77,17.78,17.77,
28/01/2019,17.77,17.77,17.78,17.77,
29/01/2019,17.77,17.77,17.78,17.77,
30/01/2019,17.77,17.7,17.78,17.7,
31/01/2019,17.7,17.7,17.78,17.7,
01/02/2019,17.7,17.7,17.78,17.7,
04/02/2019,17.7,17.7,17.78,17.7,
05/02/2019,17.7,17.7,17.78,17.7,
06/02/2019,17.7,17.7,17.78,17.7,
07/02/2019,17.7,17.7,17.78,17.7,
08/02/2019,17.7,17.7,17.78,17.7,
11/02/2019,17.7,17.7,17.78,17.7,
12/02/2019,17.7,17.7,17.78,17.7,
13/02/2019,17.7,17.7,17.78,17.7,
14/02/2019,17.7,17.7,17.78,17.7,
15/02/2019,17.7,17.7,17.78,17.7,
18/02/2019,17.7,17.69,17.78,17.69,
19/02/2019,17.69,17.69,17.78,17.69,
20/02/2019,17.69,17.69,17.78,17.69,
21/02/2019,17.69,17.69,17.78,17.69,
22/02/2019,17.69,17.69,17.78,17.69,
25/02/2019,17.69,17.69,17.78,17.69,
26/02/2019,17.69,17.69,17.78,17.69,
27/02/2019,17.69,17.69,17.78,17.69,
28/02/2019,17.69,17.69,17.78,17.69,
01/03/2019,17.69,17.69,17.78,17.69,
04/03/2019,17.69,17.69,17.78,17.69,
05/03/2019,17.69,17.69,17.78,17.69,
07/03/2019,17.69,17.69,17.78,17.69,
08/03/2019,17.69,17.69,17.78,17.69,
11/03/2019,17.69,17.69,17.78,17.69,
12/03/2019,17.69,17.69,17.78,17.69,
13/03/2019,17.69,17.69,17.78,17.69,
14/03/2019,17.69,17.69,17.78,17.69,
15/03/2019,17.69,17.69,17.78,17.69,
18/03/2019,17.69,17.69,17.78,17.69,
19/03/2019,17.69,17.69,17.78,17.69,
20/03/2019,17.69,17.69,17.78,17.69,
21/03/2019,17.69,17.69,17.78,17.69,
22/03/2019,17.69,17.69,17.78,17.69,
25/03/2019,17.69,17.69,17.78,17.69,
26/03/2019,17.69,17.69,17.78,17.69,
27/03/2019,17.69,17.69,17.78,17.69,
28/03/2019,17.69,17.69,17.78,17.69,
29/03/2019,17.69,17.69,17.78,17.69,
01/04/2019,17.69,17.69,17.78,17.69,
02/04/2019,17.69,17.69,17.78,17.69,
03/04/2019,17.69,17.69,17.78,17.69,
04/04/2019,17.69,17.69,17.78,17.69,
05/04/2019,17.69,17.69,17.78,17.69,
08/04/2019,17.69,17.69,17.78,17.69,
09/04/2019,17.69,17.69,17.78,17.69,
10/04/2019,17.69,17.69,17.78,17.69,
11/04/2019,17.69,17.69,17.78,17.69,
12/04/2019,17.69,17.69,17.78,17.69,
15/04/2019,17.69,17.69,17.78,17.69,
16/04/2019,17.69,17.69,17.78,17.69,
17/04/2019,17.69,17.69,17.78,17.69,
18/04/2019,17.69,17.69,17.78,17.69,
23/04/2019,17.69,17.69,17.78,17.69,
24/04/2019,17.69,17.69,17.78,17.69,
25/04/2019,17.69,17.69,17.78,17.69,
26/04/2019,17.69,17.69,17.78,17.69,
29/04/2019,17.69,17.69,17.78,17.69,
30/04/2019,17.69,17.68,17.78,17.68,
02/05/2019,17.68,17.68,17.78,17.68,
03/05/2019,17.68,17.68,17.78,17.68,
06/05/2019,17.68,17.68,17.78,17.68,
07/05/2019,17.68,17.68,17.78,17.68,
08/05/2019,17.68,17.68,17.78,17.68,
09/05/2019,17.68,17.68,17.78,17.68,
10/05/2019,17.68,17.68,17.78,17.68,
13/05/2019,17.68,17.68,17.78,17.68,
14/05/2019,17.68,17.68,17.78,17.68,
15/05/2019,17.68,17.68,17.78,17.68,
16/05/2019,17.68,17.68,17.78,17.68,
17/05/2019,17.68,17.68,17.78,17.68,
20/05/2019,17.68,17.68,17.78,17.68,
21/05/2019,17.68,17.68,17.78,17.68,
22/05/2019,17.68,17.68,17.78,17.68,
23/05/2019,17.68,17.68,17.78,17.68,
24/05/2019,17.68,17.68,17.78,17.68,
27/05/2019,17.68,17.68,17.78,17.68,
28/05/2019,17.68,17.68,17.78,17.68,
29/05/2019,17.68,17.68,17.78,17.68,
30/05/2019,17.68,17.68,17.78,17.68,
31/05/2019,17.68,17.68,17.78,17.68,
03/06/2019,17.68,17.68,17.78,17.68,
04/06/2019,17.68,17.68,17.78,17.68,
06/06/2019,17.68,17.68,17.78,17.68,
07/06/2019,17.68,17.66,17.78,17.66,
10/06/2019,17.66,17.66,17.78,17.66,
11/06/2019,17.66,17.65,17.78,17.65,
12/06/2019,17.65,17.65,17.78,17.65,
13/06/2019,17.65,17.65,17.78,17.65,
14/06/2019,17.65,17.65,17.78,17.65,
17/06/2019,17.65,17.65,17.78,17.65,
18/06/2019,17.65,17.65,17.78,17.65,
19/06/2019,17.65,17.65,17.78,17.65,
20/06/2019,17.65,17.65,17.78,17.65,
21/06/2019,17.65,17.65,17.78,17.65,
24/06/2019,17.65,17.65,17.78,17.65,
25/06/2019,17.65,17.65,17.78,17.65,
26/06/2019,17.65,17.65,17.78,17.65,
27/06/2019,17.65,17.65,17.78,17.65,
28/06/2019,17.65,17.65,17.78,17.65,
01/07/2019,17.65,17.65,17.78,17.65,
02/07/2019,17.65,17.65,17.78,17.65,
03/07/2019,17.65,17.65,17.78,17.65,
04/07/2019,17.65,17.65,17.78,17.65,
05/07/2019,17.65,17.65,17.78,17.65,
08/07/2019,17.65,17.65,17.78,17.65,
09/07/2019,17.65,17.65,17.78,17.65,
10/07/2019,17.65,17.65,17.78,17.65,
11/07/2019,17.65,17.65,17.78,17.65,
12/07/2019,17.65,17.65,17.78,17.65,
15/07/2019,17.65,17.65,17.78,17.65,
16/07/2019,17.65,17.65,17.78,17.65,
17/07/2019,17.65,17.65,17.78,17.65,
18/07/2019,17.65,17.65,17.78,17.65,
19/07/2019,17.65,17.65,17.78,17.65,
22/07/2019,17.65,17.65,17.78,17.65,
23/07/2019,17.65,17.65,17.78,17.65,
24/07/2019,17.65,17.65,17.78,17.65,
25/07/2019,17.65,17.65,17.78,17.65,
26/07/2019,17.65,17.65,17.78,17.65,
29/07/2019,17.65,17.65,17.78,17.65,
30/07/2019,17.65,17.65,17.78,17.65,
31/07/2019,17.65,17.65,17.78,17.65,
01/08/2019,17.65,17.59,17.78,17.59,
02/08/2019,17.59,17.59,17.78,17.59,
06/08/2019,17.59,17.59,17.78,17.59,
07/08/2019,17.59,17.59,17.78,17.59,
08/08/2019,17.59,17.59,17.78,17.59,
09/08/2019,17.59,17.59,17.78,17.59,
13/08/2019,17.59,17,17.78,17,
14/08/2019,17,17,17.78,17,
15/08/2019,17,17,17.78,17,
16/08/2019,17,17,17.78,17,
19/08/2019,17,17,17.78,17,
20/08/2019,17,17,17.78,17,
21/08/2019,17,17,17.78,17,
22/08/2019,17,17,17.78,17,
23/08/2019,17,17,17.78,17,
26/08/2019,17,16.8,17.78,16.8,
26/08/2019,17,16.8,17.78,16.8,
27/08/2019,16.8,16.8,17.78,16.8,
28/08/2019,16.8,16.8,17.78,16.8,
29/08/2019,16.8,16.8,17.78,16.8,
30/08/2019,16.8,16.8,17.78,16.8,
02/09/2019,16.8,16.8,17.78,16.8,
03/09/2019,16.8,16.8,17.78,16.8,
04/09/2019,16.8,16.8,17.78,16.8,
05/09/2019,16.8,16.8,17.78,16.8,
06/09/2019,16.8,16.8,17.78,16.8,
09/09/2019,16.8,16.8,17.78,16.8,
10/09/2019,16.8,16.8,17.78,16.8,
11/09/2019,16.8,16.8,17.78,16.8,
12/09/2019,16.8,16.8,17.78,16.8,
13/09/2019,16.8,16.8,17.78,16.8,
16/09/2019,16.8,16.8,17.78,16.8,
17/09/2019,16.8,16.7,17.78,16.7,
18/09/2019,16.7,16.7,17.78,16.7,
19/09/2019,16.7,16.7,17.78,16.7,
20/09/2019,16.7,16.7,17.78,16.7,
24/09/2019,16.7,16.7,17.78,16.7,
25/09/2019,16.7,16.7,17.78,16.7,
26/09/2019,16.7,16.7,17.78,16.7,
27/09/2019,16.7,16.7,17.78,16.7,
30/09/2019,16.7,16.7,17.78,16.7,
01/10/2019,16.7,16.7,17.78,16.7,
02/10/2019,16.7,16.7,17.78,16.7,
03/10/2019,16.7,16.7,17.78,16.7,
04/10/2019,16.7,16.7,17.78,16.7,
07/10/2019,16.7,16.7,17.78,16.7,
08/10/2019,16.7,16.7,17.78,16.7,
09/10/2019,16.7,16.7,17.78,16.7,
10/10/2019,16.7,16.7,17.78,16.7,
11/10/2019,16.7,16.7,17.78,16.7,
14/10/2019,16.7,16.7,17.78,16.7,
15/10/2019,16.7,16.7,17.78,16.7,
16/10/2019,16.7,16.7,17.78,16.7,
17/10/2019,16.7,16.7,17.78,16.7,
18/10/2019,16.7,16.7,17.78,16.7,
21/10/2019,16.7,16.7,17.78,16.7,
22/10/2019,16.7,16.7,17.78,16.7,
23/10/2019,16.7,16.7,17.78,16.7,
24/10/2019,16.7,16.7,17.78,16.7,
25/10/2019,16.7,16.7,17.78,16.7,
28/10/2019,16.7,16.7,17.78,16.7,
29/10/2019,16.7,16.7,17.78,16.7,
30/10/2019,16.7,16.7,17.78,16.7,
31/10/2019,16.7,16.7,17.78,16.7,
01/11/2019,16.7,16.7,17.78,16.7,
04/11/2019,16.7,16.7,17.78,16.7,
05/11/2019,16.7,16.7,17.78,16.7,
06/11/2019,16.7,16.7,17.78,16.7,
07/11/2019,16.7,16.7,17.78,16.7,
08/11/2019,16.7,16.7,17.78,16.7,
11/11/2019,16.7,16.7,17.78,16.7,
12/11/2019,16.7,16.7,17.78,16.7,
13/11/2019,16.7,16.7,17.78,16.7,
14/11/2019,16.7,16.7,17.78,16.7,
15/11/2019,16.7,16.7,17.78,16.7,
18/11/2019,16.7,16.7,17.78,16.7,
19/11/2019,16.7,16.7,17.78,16.7,
20/11/2019,16.7,16.7,17.78,16.7,
21/11/2019,16.7,16.7,17.78,16.7,
22/11/2019,16.7,16.4,17.78,16.4,
25/11/2019,16.7,16.4,17.78,16.4,
26/11/2019,16.4,16.4,17.78,16.4,
27/11/2019,16.4,16.4,17.78,16.4,
28/11/2019,16.4,16.4,17.78,16.4,
29/11/2019,16.4,16.4,17.78,16.4,
02/12/2019,16.4,16.4,17.78,16.4,
03/12/2019,16.4,16.4,17.78,16.4,
04/12/2019,16.4,16.4,17.78,16.4,
05/12/2019,16.4,16.4,17.78,16.4,
09/12/2019,16.4,16.4,17.78,16.4,
10/12/2019,16.4,16.4,17.78,16.4,
11/12/2019,16.4,16.4,17.78,16.4,
12/12/2019,16.4,16.4,17.78,16.4,
13/12/2019,16.4,16.4,17.78,16.4,
16/12/2019,16.4,16.4,17.78,16.4,
17/12/2019,16.4,16.4,17.78,16.4,
18/12/2019,16.4,16.4,17.78,16.4,
19/12/2019,16.4,16.4,17.78,16.4,
20/12/2019,16.4,16.4,17.78,16.4,
23/12/2019,16.4,16.4,17.78,16.4,
24/12/2019,16.4,16.4,17.78,16.4,
27/12/2019,16.4,16.4,17.78,16.4,
30/12/2019,16.4,16.4,17.78,16.4,
31/12/2019,16.4,16.4,17.78,16.4,
